price,introduction,icon
59.00,【JD自营-官方认证】苹果快充数据线【（买一送一）,数锐京东自营旗舰店
9.90,适用华为Type-c数据线快充5A手机充电器线p20p30pro mate30/40荣耀安卓小米承简 【5A超级快充】type-c闪充线【1米】,金合辉手机配件专营店
9.60,OKSJ Type-c数据线快充华为小米手机充电器线5A支持40w荣耀9/10/nova8/Mate40Pro/P30/P20/vivo/oppo安卓车载,OKSJ京东自营旗舰店
16.90,绿联 Type-C数据线6A超级快充100W/66W通用华为充电线P50/Mate40荣耀60Pro/50小米11USB-C安卓5A线车载1m,绿联京东自营旗舰店
10.90,适用华为Type-c数据线快充5A充电器线p30 50pro/mate30/40荣耀60小米手机驰界 【1米】Type-C 5A闪充线,佰特利手机配件专营店
39.00,"京东超市
倍思Type-C数据线66W超级快充华为充电线6A/5A适用P50/Mate40Pro小米荣耀 钨金快充Type-C66W 2m",倍思旗舰店
39.90,⚡苹果原配⚡20w快充头+快充线✅套装✅不弹窗✅PD快充,KOOLIFE京东自营旗舰店
6.80,昊微 安卓数据线5A超级快充Micro USB手机充电器线适用vivo华为小米魅族荣耀oppo闪充线 安卓超级快充线【1条装】 1米,昊微手机配件专营店
18.80,KOOLIFE 数据线三合一 苹果安卓手机充电器线一拖三头分车载多功能用USB/Type-c二合一3双接口快充线通用华为,KOOLIFE京东自营旗舰店
39.90,倍思 三合一数据线6A快充66W 适用苹果Type-c安卓手机充电器线iPhone13/12/11小米华为一拖三充电线黑,倍思（Baseus）京东自营旗舰店
13.90,适用6A华为数据线Type-c快充66W充电线充电器头mate40Pro/p50/nova8荣耀驰界 【6A超级快充】Type-C闪充线【1米】,佰特利手机配件专营店
19.00,"京东超市
华为原装数据线mate8/7适用于荣耀7i/7c/6/p8/p7/6x/5x/8x麦芒4安卓充电器线 (1.0米白色 提速50%)快充Micro",华为鑫楚天专卖店
29.90,易天易修易购苹果快充数据线充电线iPhone13/12/11/X/8手机PD快充线闪充线 20WPD快充1.2米,易天易修易购旗舰店
18.00,"京东超市
vivo原装数据线闪充充电线X21X23X20X9X7u1安卓快充y70y67y85y53y31u1 vivo原装闪充",iQOO华驰诚专卖店
18.80,罗马仕 数据线三合一苹果Type-c安卓手机充电线多功能一拖三头适用苹果/小米华为荣耀三星vivo 1.5米车载多用,罗马仕京东自营旗舰店
9.50,领臣 安卓数据线快充手机充电线 华为荣耀vivo/oppo/小米/三星/红米/USB Micro车载电源线通用 1.2米两条装,领臣京东自营旗舰店
26.00,小米 原装USB-C数据线100cm 6A充电线白色 适配USB-C接口手机笔记本/平板电脑游戏机xiaomi红米redmi,小米京东自营旗舰店
19.90,品胜（PISEN）苹果数据线1.2米快充 适用iPhone13/12Pro Max/11/Xs/XR/8手机车载充电线器 iPadPro/Air/mini,品胜京东自营旗舰店
39.90,"京东超市
苹果数据线厡装充电线快充手机充电器线插头iphone13/12/11/XS/XR/7/X/8P索弘 USB-lightning扁口充电头线-苹果1米线",索弘京东自营官方旗舰店
17.80,三合一5A快充数据线一拖三66W支持苹果iphone华为Type-c安卓小米oppo手机充电驰界 【5A超级快充】三合一,安联手机配件专营店
39.00,罗马仕数据线三合一6A快充66W充电线器苹果iPhone13/12/11Type-c安卓手机多功能一拖三头小米华为车载,罗马仕京东自营旗舰店
5.80,浪翔 三合一数据线手机充电线适用于苹果iphone安卓type-c华为三星小米平板车载三头等通用 三合一液态快充线,浪翔旗舰店
15.00,vivo官方原装数据线闪充充电线y67z5xX21X20X23X9X7X6z3x充电器U1y85z1 Micro USB闪充线【标配版】单条装,钰威数码专营店
9.90,承简安卓数据线充电器线手机x9x20x21x23快充线适用于vivo华为oppo小米魅族荣耀红米车载 【1米2条】安卓闪充线【通用安卓梯形接口】,金合辉手机配件专营店
13.00,公牛 BULL 安卓数据线Micro USB充电器线 抗折断 适用三星小米红米/安卓手机,公牛数码京东自营旗舰店
30.80,倍思 Type-c数据线6A/66W充电器线快充线 适用华为P50/Mate40Pro/小米三星/荣耀2米黑,倍思（Baseus）京东自营旗舰店
44.00,"京东超市
华为原装5A数据线type-c充电器线快充P40P50P30Mate30荣耀30/pro/nova7 SuperCharge【5A闪充线】白色 华为",华为翼天宏配件专卖店
37.90,绿联 MFi认证 苹果数据线快充充电线适用iPhone13Pro Max/12/11/SE3/iPad/mini手机Lightning充电器USB电源线,绿联京东自营旗舰店
21.90,罗马仕 Type-c数据线6A/5A超级快充66W/40W适用华为P40/mate30/nova7荣耀30pro小米一加安卓充电车载加长2米,罗马仕京东自营旗舰店
68.00,图拉斯 数据线三合一苹果安卓华为type-c手机一拖三iphone快充oppo小米vivo车载充电线 1.68米 极夜黑【三头同充 / 省时便捷】,图拉斯京东自营旗舰店
29.90,易天易修易购苹果快充数据线充电线iPhone13/12/11/X/8手机PD快充线闪充线 20WPD快充1.2米,易天易修易购旗舰店
19.90,"京东超市
品胜 苹果数据线手机充电线器快充iPhone13/12pro max/11/XS/XR/8Plus/ 升级款快充【1米标准版】ios全兼容 安全快充",品胜PISEN自营旗舰店
45.00,"京东超市
华为原装6A数据线超级快充66W充电器线mate40pro p50p40p30nova8 9荣耀50 Type-C接口-白色1米【6A闪充线】",深刻思官方旗舰店
15.80,适用vivo数据线闪充iQoo Nex X27X30Z6S7S9s5X50手机快充充电线驰界 【1米2条】5A Type-C闪充线,佰特利手机配件专营店
19.90,罗马仕 数据线三合一苹果Type-c安卓手机充电器线车载适用iPhone12\/11小米华为电源线 三合一-太空灰-1.5米,罗马仕数码配件旗舰店
37.90,OKSJ 数据线三合一拖三充电器线苹果车载多功能type-c华为手机5A快充 小米/安卓/iPhone11/6 40w加长2米,OKSJ京东自营旗舰店
18.80,⚡快充⚡三合一数据线苹果安卓TYPE-C快充线,KOOLIFE京东自营旗舰店
145.00,Apple USB-C/雷霆3 转 Lightning/闪电连接线 快充线 (1 米) iPhone iPad 手机 平板 充电线 快速充电,Apple产品京东自营旗舰店
44.00,"京东超市
【OPPO原装】R17闪充数据线65w充电线reno6 5 Pro 4se findx k9 7 3 Type-c闪充线【65W闪充】 DL129原厂盒装",牧申数码官方旗舰店
32.00,"京东超市
倍思 PD快充20W苹果数据线适用iPhone13/12ProMax/11/XR/8P充电器手机线 苹果PD 20W快充线【颜值爆表款】1米 钨金黑",倍思旗舰店
18.90,京东京造 Type-C数据线 5A超级快充充电线USB-C安卓转接头通用华为Mate30/20/10/P40/小米9/8荣耀1.2米白,京东京造官方自营旗舰店
22.80,品胜 苹果数据线液态硅胶手机充电线器快充适用iphone13/12promax78Ps/11r/xs 1.2米【深海蓝】液态硅胶·升级快充不伤机,品胜数码旗舰店
89.00,OLOEY 一拖三数据线三合一手机充电线器6a快充三线多头华为三头车载三口多用个头车用1.88米加长 「臻黑金1.88米」6A超级闪充-三合一提速99%,OLOEY数码配件旗舰店
13.00,公牛 BULL 安卓数据线Micro USB充电器线 抗折断 适用三星小米红米/安卓手机,公牛数码京东自营旗舰店
17.80,倍思 数据线三合一苹果Type-c安卓手机充电器线一拖三头 适用iPhone13/12/11小米华为p40车载电源线 1.2米 红,倍思（Baseus）京东自营旗舰店
79.00,"京东超市
苹果充电器20W厡装快充线PD套装苹果iPhone11 12ProMax 13手机充电头迈凯亚 苹果20W快充头+苹果USB-C闪充线",迈凯亚旗舰店
29.80,品胜 数据线三合一苹果安卓Type-c手机快充电线器多功能一拖三多头适用iPhone华为小米平板车载 【三口同充不伤机】弹窗包赔 1米深海蓝,品胜数码旗舰店
35.00,品胜数据线三合一 Type-c安卓苹果13手机充电线多功能车载快充适用iPhone12/11/XsMax/XR小米oppo华为收纳线,品胜京东自营旗舰店
59.00,京东自营苹果原装数据线充电线苹果快充京东配送次日达,乔嘉（JoJar）京东自营旗舰店
58.00,"京东超市
卡伦顿 数据线三合一6A华为66W超级快充一拖三支持苹果安卓Type-c三头充电器线套装 1.2米【66W超级快充】低温快充丨不伤电池丨单条",卡伦顿数码旗舰店
26.00,OPPOa11x数据线闪充原装充电器充电线a92s a32 a72 a52 a53快充安卓手机 Type-c快充线【支持10W-18W快充】 原厂盒装,牧申数码官方旗舰店
59.00,"京东超市
苹果数据线充电器线快充线USB电源线iPhone13/12/11/XSMax/XR/7/8p数锐适用 苹果一米线",数锐京东自营旗舰店
29.80,倍思 Type-C数据线100W 2米双Type-C口闪充手机充电器线 适用macbook笔记本华为小米快充加长款20V5A 灰黑,倍思（Baseus）京东自营旗舰店
11.90,安卓数据线 vivo充电器充电线x9x20x21x23适用华为荣耀oppo小米红米三星闪充线驰界 【1米】安卓快充线【安卓通用接口】,佰特利手机配件专营店
39.90,✅【限买一送一丨自营原装正品✅】苹果数据线快充【原充盒装】,索弘京东自营官方旗舰店
85.50,"京东超市
苹果充电器20W快充线PD套装iPhone11 12ProMax 13充电头x数据线插头尊匠 20W快充头+闪充线【30分钟充满50%】1米套装",尊匠京东自营官方旗舰店
26.00,OPPO数据线原装闪充vooc充电线r15 r11 r11s r9splus充电器a9x安卓手机快充 4A闪充线（Micro USB接口）,牧申数码官方旗舰店
32.00,绿联 Type-C数据线6A/5A超级快充100W/66W充电器加长线通用华为P50/Mate40荣耀60Pro小米USB-C安卓车载2m,绿联京东自营旗舰店
9.99,惠寻 三合一数据线Type-C一拖三快充充电线 高品质铜芯苹果安卓通用 黑色,惠寻京东自营旗舰店
15.80,OKSJ Type-c数据线5A充电器线华为手机超级快充 小米8/9/10pro/红米10X/Mate40/P30/20荣耀nova8 1.5米2条装,OKSJ京东自营旗舰店
price,introduction,icon
46.80,苹果数据线厡装充电线充电器头手机快充套装iPhoneX 12 11 8 7p 6s 13尊匠 lightning扁口充电器线-1米,尊匠京东自营官方旗舰店
35.90,"京东超市
【全国仓次日达】第一卫 苹果数据线 手机快充线车载ipad充电线通用于iphone11/12/7/8 店长推荐：1.2米【真金线】全新升级-认证快充",第一卫旗舰店
16.00,OPPO充电线数据线原装a59s a57 a83 k1 a7x r15x a5安卓快充电器 2A快充数据线(品牌原装),牧申数码官方旗舰店
45.00,vivo官方原装 iQOO 原装Type-C胶囊闪充数据线-5A适用于iqooz1z1xneo3x50x50pros7,iQOO京东官方自营旗舰店
18.00,博诺米 定制logo数据线三合一充电线苹果安卓type-c华为手机一拖三车载1.5米伸缩便携快充礼品 中国红【1.5米快充】三合一充电线,博诺米旗舰店
19.90,KOOLIFE 【2条】苹果数据线2米加长 iPhone手机充电线快充lightning车载通用iPad/air/11promax/x/8/7/6splus,KOOLIFE京东自营旗舰店
27.90,小米 原装USB-C数据线100cm 6A充电线白色超级快充 适配USB-C接口手机/平板/游戏机 小米6A快充 1m,淘米家旗舰店
15.50,领臣 苹果数据线1.5米两条快充 适用iPhone13/12Pro Max/11/Xs/XR/SE/8P/7充电线iPad Air/mini,领臣京东自营旗舰店
39.00,"京东超市
倍思数据线三合一苹果充电器线伸缩一拖三头车载快充线适用于iPhone12/Type-C/华为安卓 一拖三伸缩墨绿色",倍思旗舰店
15.80,昊微 一拖三数据线6A超级快充三合一充电线器多功能多头适用华为Mate40多用nova9小米oppo 幸运红【6A超级快充】 2米,扬昇手机配件专营店
16.80,驰界手机数据线适用OPPOK3 K5 R17 Reno系列realmex2闪充线充电快充充电线 type-c闪充 1.5米,安联手机配件专营店
16.90,绿联安卓数据线快充线充电器线2A快充Micro USB充电线通用华为荣耀vivo三星OPPO小米 黑色 升级款 1.5米,绿联旗舰店
22.90,绿联 Type-C数据线 USB3.0安卓快充充电线 usb转type-c 通用3A快充适用华为手机 0.5米 usb3.0,绿联三顺专卖店
49.90,倍思 三合一伸缩数据线 6A快充66W一拖三 适用于苹果iPhone13/12/11小米华为Type-C安卓充电器车载线 黑,倍思（Baseus）京东自营旗舰店
18.00,"京东超市
vivo原装数据线闪充micro充电线适用于X21X23X20X9X7u1安卓快充y70y85y53 【vivo原装】micro接口",华驰诚数码专营店
69.00,倍思 数据线三合一快充 多头一拖三pd快充线 适用Type-c华为苹果13/12promax安卓电脑充电器线 黑,倍思（Baseus）京东自营旗舰店
29.90,闪俏 5A数据线三合一充电器线手机快充一拖三苹果安卓闪充typec三头万能通用车载华为超级快充小米 66W快充线【苹果/安卓/Type-c】黑1.2米,品畅手机配件专营店
24.90,品胜 数据线三合一快充 苹果Type-c安卓手机车载一拖三头充电线USB-C适用iPhone13/12/11小米/oppo华为1.2米,品胜京东自营旗舰店
69.00,图即 华为66W超级快充type-c数据线6A快充线手机充电器线适用华为p30mate40pro 1.5米【66W超级快充线】两条装,图即旗舰店
26.00,OPPO数据线充电线原装闪充 r9splus r11 r15 r11s r9数据线充电器原装闪充快充 4A闪充线【Mirco USB接口】,OPPO酷炫专卖店
12.90,苹果数据线适用iphone12/11pro/Xs Max/XR/SE/8plus快充手机充电器线驰界 【1米】苹果快充,安联手机配件专营店
69.00,三合一数据线充电线一拖三6A/5A多功能type-c多头手机适用苹果vivo3合一数据线快充梵维派 1.2米丨土豪金【100W超级快充】6A快充不伤机,梵维派旗舰店
49.00,"京东超市
苹果数据线充电器线快充线USB电源线适用iPhone13/12/11/XSMax/XR/8p维肯原装 苹果一米线 苹果设备专属",维肯数码旗舰店
16.90,【vivo原装】闪充数据线快充X21X20X23X9X7X6u1充电线vivoy67 原装闪充-一条装,vivo酷虎专卖店
199.00,华为HUAWEI 原装线充套装（充电器+6AType-C数据线）66W Max超级快充 适用Mate 40 Pro/Mate 40 RS/Mate X2,华为京东自营官方旗舰店
27.90,小米原装6A数据线1m长 USB-C快充充电器线适配小米10/10pro红米10X redmi手机 小米 原装USB-C100cm 6A充电线白,京东之家官方旗舰店
44.00,"京东超市
华为原装5a超级快充数据线p30p40mate30 40pro荣耀30nova9 8 7 6充电器线 【买I送I】5A超级闪充Type-c-带防伪",华为鑫楚天专卖店
25.80,"京东超市
品胜 苹果数据线快充液态硅胶手机充电线器iPhone13/12promax/11/X/XR/678P 疾速快充 1.2m 不发烫 | 弹窗包赔 深海蓝",品胜PISEN自营旗舰店
9.90,适用华为Type-c数据线快充5A手机充电器线p20p30pro mate30/40荣耀安卓小米驰界 【5A超级快充】type-c闪充线【1米】,佰特利手机配件专营店
16.90,驰界苹果手机数据线PD快充头充电器线适用于iPhone12/11Pro Max/xs/XR/8充电线 苹果Type-C快充线【20WPD1米闪充版】,佰特利手机配件专营店
39.00,罗马仕数据线三合一6A快充66W充电线器苹果iPhone13/12/11Type-c安卓手机多功能一拖三头小米华为车载,罗马仕京东自营旗舰店
24.80,"京东超市
品胜 Type-C数据线华为5A超级快充66w手机充电器线Mate30pro/P2040/荣耀v10 Top款【5A闪充】1.2米",品胜PISEN自营旗舰店
15.90,数据线快充可伸缩苹果适用iphone华为type-c安卓小米oppovivo手机充电好又齐 一拖三快充线-编织纹红色-1.2米,安联手机配件专营店
8.60,OKSJ 安卓数据线快充vivo手机充电器线 适用华为/小米/魅族/荣耀/oppo/x7/x20/x21闪充USBMicro 买一送一,OKSJ京东自营旗舰店
25.00,倍思（Baseus）安卓数据线2A快充Micro手机电源线充电线USB充电器线支持华为/三星/小米/VIVO/OPPO 1.5米黑色,倍思（Baseus）京东自营旗舰店
12.80,闪俏 Type-c数据线5A超级快充充电器线华为手机闪充线小米oppo电源线铝合金智能带灯数据传输线 Type-c超级快充智能带灯线【黑色】,品畅手机配件专营店
69.00,图即 华为66W超级快充type-c数据线6A快充线手机充电器线适用华为p30mate40pro 1.5米【66W超级快充线】两条装,图即旗舰店
44.00,OPPO 原装闪充Type-C数据线 充电线 支持SuperVOOC闪充 可兼容65W闪充 适用Ace2/Reno7/6/5/A93/K9/Find X3,OPPO京东自营官方旗舰店
65.00,"京东超市
品胜 数据线三合一充电线6A一拖三伸缩5A手机快充多头充电器三合一66w华为苹果安卓type-c闪充 风趣蓝丨6A快充不弹窗丨伸缩易整理",品胜PISEN自营旗舰店
5.80,艾胜者 安卓数据线超级快充Micro USB适用vivo华为Mate8荣耀小米oppo闪充手机充电线 安卓接口【快充】1条装 1米,艾胜者旗舰店
59.00,"京东超市
苹果数据线厡装充电线快充手机充电器线iphone13/12/11/XS/XR/7/8p/X维肯 苹果一米线",维肯Viken京东自营旗舰店
39.00,倍思 苹果充电器PD20W快充套装 兼容18W充电头 适用于iPhone13Pro/12/11/XsMax/ipad华为小米配 黑,倍思（Baseus）京东自营旗舰店
22.90,绿联 Type-C数据线 USB3.0安卓快充充电线 usb转type-c 通用3A快充适用华为手机 0.5米 usb3.0,绿联三顺专卖店
17.80,三合一5A快充数据线一拖三66W支持苹果iphone华为Type-c安卓小米oppo手机充电器好又齐 【5A超级快充】三合一,佰特利手机配件专营店
16.90,炫创飞 数据线安卓快充手机充电线适用华为三星OPPO小米vivo魅族USB线 质银灰 1.5米【2条】,爱美声旗舰店
18.80,罗马仕 苹果数据线快充充电线适用iPhone13/12/11Pro Max/xs/xr//8p/7/6/iPadPro/Air2/mini平板车载器线,罗马仕京东自营旗舰店
15.80,品胜（PISEN）安卓数据线 1.5米 Micro USB手机充电线 适用于华为/小米/vivo//oppo/荣耀/红米/魅族 白色,品胜京东自营旗舰店
29.90,"京东超市
【次日达】SN一加8充电线9/8/7Pro/7t/6/6t/5/5t数据线1+闪充线充电器线快充 一加6A闪充 一加DASH闪充USB转Type-C",京造手机配件专营店
19.90,【2米加长】苹果快充线⭐2条装✅纯铜芯✅线头加固✅不弹窗,KOOLIFE京东自营旗舰店
13.90,德力普 数据线三合一5A快充适用苹果Type-c安卓手机iPhone小米华为平板车载一拖三闪充充电线 单条装【蒂芙尼蓝】5A超级快充|带夜灯 1米,德力普手机配件旗舰店
2.00,浪翔 一拖三数据线三合一充电线器液态硅胶快充手机适用于苹果安卓type-c三头车载多功能多头多用 三合一液态快充线,浪翔旗舰店
79.00,绿联 MFi认证 苹果充电器套装 PD20W快充头+PD数据线通用iPhone13ProMax/12/11ipad mini平板type-c插头,绿联京东自营旗舰店
27.90,小米 原装USB-C数据线100cm 6A充电线白色超级快充 适配USB-C接口手机/平板/游戏机 小米6A快充 1m,淘米家旗舰店
13.90,苹果数据线适用iphone13/12Pro/11/XsMax/XR/8plus手机PD充电器线头驰界 【1米】苹果快充,佰特利手机配件专营店
33.80,五浩 type-c数据线加长5m快充适用华为安卓vivo小米OPPO荣耀USB手机充电线器套装超长线 5米【黑金】type-c,亦恒手机配件专营店
19.90,斯泰克 数据线三合一6A快充66W支持华为苹果Type-c安卓手机充电器线iPhone13/oppo/小米/vivo通用一拖三,斯泰克（STIGER）京东自营旗舰店
5.90,纽曼（Newmine）安卓数据线 手机充电线 Micro USB充电器线 1米 支持华为小米vivo/oppo红米三星魅族,纽曼手机配件京东自营旗舰店
39.90,顾胜 手机三合一充电线 苹果/安卓Type-C一拖三快充线多头三合一数据线华为小米三星通用 钛空银【苹果/安卓/Type-c】三合一快充,顾胜旗舰店
29.00,倍思 苹果数据线快充弯头数据线手机充电器线适用iPhone13/12/11/XR/8/7/6s plus/ipad加长电源线3米 蓝,倍思（Baseus）京东自营旗舰店
8.90,罗马仕 CB308 type-c数据线充电宝短线0.2米便携USB-C适用于小米10/9华为Mate30/P303A快充线转接线,罗马仕京东自营旗舰店
price,introduction,icon
16.00,OPPO 原装MicroUSB数据线 充电线 安卓电源线 手机充电器线 适用于R系列手机 USB普充,OPPO京东自营官方旗舰店
189.00,小米充电宝 原装20000毫安时 移动电源 50W PD快充适配小米/红米手机 充电宝内含,小米京东自营旗舰店
14.80,适用vivo数据线闪充iQOO充电器头Nex/X27/X30/Z6/S7/X50手机快充充电线好又齐 【1米】5A Type-C闪充线,佰特利手机配件专营店
35.80,"京东超市
品胜 数据线三合一66W超级快充电器线苹果安卓type-c多功能一拖三车载平板闪充13/12/华为 深海蓝1m | 3合1疾速快充|不伤电池",品胜PISEN自营旗舰店
24.90,品胜 type-c数据线华为充电线快充5a闪充40W通用P50Pro/Mate30/nova9荣耀小米K40一加USB-C安卓车载2米,品胜京东自营旗舰店
29.90,适用华为充电器40W超级快充头数据线套装手机mate30/20 p30p40pro荣耀22.5w承简 22.5W超级快充头+5A快充线【1米,金合辉手机配件专营店
27.90,小米 原装USB-C数据线100cm 6A充电线白色超级快充 适配USB-C接口手机/平板/游戏机 小米6A快充 1m,淘米家旗舰店
55.00,绿联 MFi认证 苹果数据线PD快充线适用iPhone13Pro/12/11手机USB-C 20W充电器Type-C to Lightning充电线,绿联京东自营旗舰店
36.00,倍思 Type-C数据线100W/66W超级快充华为充电线6A适用P50/Mate40/荣耀60Pro小米快充线 2米 黑,倍思（Baseus）京东自营旗舰店
59.00,"京东超市
苹果充电器厡装数据线充电线手机快充插头套装iphone11/12/7p/8plus/X/Xs/6维肯 【苹果标配】苹果充电头+2条苹果【厡盒装】",维肯数码旗舰店
29.00,绿联 USB3.0数据线Type-C快充线接移动硬盘传输充电器线通用华为P50/Mate40Pro/30荣耀50pro小米11安卓1m,绿联京东自营旗舰店
16.90,倍思 苹果数据线1.5米快充两条装 适用iphone13/12/11Pro/XSMax/XR/SE2/7/8/iPad Air/mini充电器线 白,倍思（Baseus）京东自营旗舰店
22.90,唯淘帅 安卓数据线快充电线加长3米5米适用vivo三星小米华为魅族Micro接口手机 黑色 2米,苏阳数码专营店
15.50,领臣 Type-c数据线5A超级快充1.5米2条装适用华为手机充电线P50/Mate40pro荣耀nove8小米/红米安卓车载白,领臣京东自营旗舰店
12.90,苹果数据线手机充电器线适用iphone12/11Pro/Xs Max/XR/SE/8plus好又齐 【1米】苹果USB充电,佰特利手机配件专营店
59.00,"京东超市
苹果数据线充电器线快充线iPhone13/12/11/XSMax/XR/7/8p中尚原装Apple 苹果一米线",中德尚信数码专营店
34.90,倍思 苹果数据线PD快充2条装20W/18W 加固加粗不伤机 支持iphone13/12/11/xsmas/xr/ipad充电器线1.5米白,倍思（Baseus）京东自营旗舰店
29.90,三合一数据线6A超级快充66W伸缩一拖三适用苹果13小米 安卓 华为type-c手机车载充电线器驰界 【6A超级快充】三合一伸缩-黑色,佰特利手机配件专营店
79.00,OLOEY 一拖三数据线三合一伸缩苹果安卓type-c通用多功能手机快充充电线器车载苹果x华为小米 1.2米红色【苹果+安卓+type-c】,OLOEY数码配件旗舰店
19.90,适用华为Type-c数据线快充5A手机充电器线p20p30promate30/40荣耀加长小米豪闪原 【5A超级快充】type-c闪充线【1米】,豪启资手机配件专营店
69.00,米享 充电线三合一充电器线一拖三数据线超级快充套装多功能多用适用华为苹果安卓通用小米 1.2米【1条装不带头】超级快充三合一,米享旗舰店
29.90,KOOLIFE 苹果数据线 20WPD充电线快充闪充Type-C转换线通用iPhone13/12/11/ProMax充电器套装可搭配,KOOLIFE京东自营旗舰店
69.00,Anker安克 MFi认证苹果快充PD20W数据线 iPhone13/12/11/8手机USB-C/Type-C to Lightning充电器快充头线0.9m,Anker京东自营旗舰店
24.90,倍思(Baseus) 苹果数据线 手机充电器电源线 适用iPhone13/12/11/7/8/XR新iPad/Air/Mini 3/4 深灰+黑 2米,倍思（Baseus）京东自营旗舰店
168.00,OLOEY数据线三合一快充充电器一拖三车载万能5A超级快充手机多头多功能适用苹果华为type-c安卓 5A快充三合一（绅士蓝2米）+80W超级快充车载充,OLOEY数码配件旗舰店
24.90,"京东超市
品胜 苹果数据线PD快充线20W适用iPhone13/12/11/X/SE2/XS/8p手机充电器线 PD20W【苹果快充1米】弹窗包赔丨一年换新",品胜PISEN自营旗舰店
69.00,倍思 100W三合一数据线苹果pd安卓Type-c充电线usb转二拖三多头适用华为笔记本 【灰黑色】1.2米】USB/typec转三合一,倍思旗舰店
25.00,"京东超市
华为原装Type-C数据线手机充电器线P40P30P20P10mate10荣耀v8v9v10小米通用 【快充】Type-C 1.0米白色",华驰诚数码配件专营店
85.00,"京东超市
品胜 数据线三合一PD100W快充一拖三支持苹果iphone华为Type-c\/安卓荣耀充电器线通用 1.2m魔幻黑 100W快充|大电流不伤机弹窗包赔",品胜PISEN自营旗舰店
39.90,绿联 双头Type-C数据线PD100W 5A快充充电器c to c长线通用ipad苹果MacBookpro华为笔记本电脑Switch小米,绿联京东自营旗舰店
22.90,唯淘帅 安卓数据线快充电线加长3米5米适用vivo三星小米华为魅族Micro接口手机 黑色 2米,苏阳数码专营店
19.00,"京东超市
华为原装数据线安卓手机适用mate8荣耀20i play3 8x 9i7畅玩8C 9A畅享10充电线 【Micro接口】安卓快充线1米",华驰诚数码专营店
129.00,"京东超市
Apple苹果数据线PD快充线原装20w充电器线iphone13/12Pro Max/11/X充电线 充电线1米【单线不含头】",大商无算数码专营店
19.90,品胜type-c数据线PD60W双头c to c快充充电线3a通用苹果iPadPro/MacBook小米华为荣耀平板笔记本电脑车载,品胜京东自营旗舰店
39.00,"京东超市
vivo数据线原装NEX X27X30闪充X50X60快充type-c充电线iQOOneo vivo原装type-c 3A",酷虎数码专营店
79.00,绿联 数据线三合一MFi认证苹果Type-C安卓通用iPhone13/12/11/XR/Xs小米华为手机快充电线车载一拖三转接头,绿联京东自营旗舰店
109.00,OLOEY typec数据线弯头华为mate40充电线66w手机6a超级快充0.5/1/2/3米加长 车充套装【3米6A快充线+66W快充头】,OLOEY数码配件旗舰店
49.00,"京东超市
数锐华为数据线Type-c充电器线p30/40pro/mate10/20/30快充5A适用小米 华为5A一米线【Type-C】",数锐京东自营旗舰店
9.90,摩米士MOMAXType-C数据线 炫彩编织安卓快速充电线适用于华为小米三星荣耀等 1米深空灰,摩米士京东自营旗舰店
15.60,驰界三合一数据线一拖三超级快充支持苹果华为Type-c安卓手机充电器线iPhone13/12 【5A超级快充】三合一,佰特利手机配件专营店
39.00,绿联 Type-c数据线公对公 华为5A快充PD100w 弯头充电线适用华为苹果笔记本 双弯头 5A快充PD100W-1米,绿联旗舰店
39.00,绿联Type-C安卓二合一数据线充电线一拖二多头两用适用oppo华为P30/20荣耀V20小米9 Type-C+安卓二合一 1米,绿联旗舰店
89.00,OLOEY 弯头PD20W数据线手游快充线适用于苹果iphone13/12手机充电线 PD20W手游快充线【2米】【苹果弯头款】,OLOEY数码配件旗舰店
79.00,绿联 双头Type-C全功能数据线PD100W快充线4K投屏视频线通用苹果华为荣耀笔记本电脑 【PD100W快充Type-C3.1gen2】1米,绿联旗舰店
32.90,"京东超市
倍思 PD快充20W苹果数据线 通用iPhone13/12/ProMax/11/SE手机充电器快充线 苹果PD 20W快充线【2条】1.5米 白色",倍思旗舰店
15.80,华为Type-c数据线40W快充手机充电器线适用p10p20p30p40pro荣耀305A数据线驰界 【1.5米】Type-C 5A闪充线,安联手机配件专营店
29.00,"京东超市
白狗 小米数据线120W充电线红米67w快充Pro+至尊版小数点极速手机闪充 小米11/10/11Pro/K30s橙色芯1米 闪充",白狗官方旗舰店
9.90,小米数据线type-c5A充电线手机快充华为荣耀小米10/98note7k2030pro车载通用驰界 【1米装】Type-c5A,安联手机配件专营店
89.00,OLOEY 超级快充闪充数据线2.0米超长三合一手机充电器线苹果安卓type-c华为通用一拖三 三合一【5A超级快充闪充线】2.0米黑色,OLOEY数码配件旗舰店
9.90,OKSJ type-c数据线快充华为6A/5A充电器线 适用Mate40Pro/P40/30/20/荣耀/小米8/9/10三星车载66w闪充,OKSJ京东自营旗舰店
23.80,苹果数据线PD快充20Wusb-c充电器线iPhone13/12Pro/XsMax/11/xr迅美乐 【1米】20W USB-CPD新款快充线 PD快充支持8/8p/xr/11/12/13max,慧兴手机配件专营店
12.00,科玛科 伸缩三合一充电线快充一拖三数据线车载华为oppo小米手机适用于苹果安卓typec接口 三合一充电线【中国红】苹果/安卓/Type-c 伸缩充电线,科玛科手机配件旗舰店
13.90,毕亚兹 苹果数据线iphone13/XsMax/XR手机快充充电器线USB电源线 锌合金1.2米K8黑 支持苹果12/11Pro,毕亚兹(BIAZE)京东自营旗舰店
13.60,epcbook 快充一拖三数据线多功能三合一type-c适用于苹果X安卓华为小米多头充电器线伸缩 【太空灰】苹果安卓type-c三合一充电线 标配,epcbook旗舰店
32.80,品胜 数据线三合一66W超级快充一拖三苹果iphone华为Type-c/安卓充电器线小米闪充车载平板 魔幻黑1.2米【苹果+安卓+type-c】3A快充,品胜PISEN自营旗舰店
36.80,品胜 数据线三合一伸缩快充线 苹果安卓typec手机车载一拖三收纳便携式充电线 适用iPhone13/12/11/8小米华为,品胜京东自营旗舰店
34.90,ESCASE 安卓数据线3米Micro USB手机充电线 适用于华为/小米/vivo//oppo/荣耀/红米/魅族 2.1A快充 直头Ci9白,ESCASE京东自营旗舰店
13.80,艾胜者 数据线三合一超级快充多功能充电器线一拖三适用苹果iPhone12华为Mate30/p40小米 一拖三【超级快充线】 1m,艾胜者旗舰店
6.80,杰梵客苹果数据线保护器手机充电器防折断创意绕线耳机防弯咬数据线绳缠绕华为/oppo/小米/11/12 纯白色【两条装】,杰梵客官方旗舰店
22.90,绿联双Type-c数据线公对公PD快充线电脑充电器线适用苹果iPad Pro/华为小米手机平板笔记本 白色1.5米,绿联旗舰店
price,introduction,icon
89.00,OLOEY 弯头PD20W数据线手游快充线适用于苹果iphone13/12手机充电线 PD20W手游快充线【2米】【苹果弯头款】,OLOEY数码配件旗舰店
22.90,倍思 一拖三数据线三合一苹果/Type-c/安卓 适用iPhone13/12/11/XS max/XR华为p20小米充电器线1.2米 蓝,倍思（Baseus）京东自营旗舰店
18.90,摩米士MOMAX Type-C数据线充电线 充电宝短线适用于华为小米三星等 10cm白色,摩米士京东自营旗舰店
29.90,CangHua 小米手表color充电器 小米color1/2代运动版磁吸快充线智能电话手表充电底座usb充电线 bp88,仓华自营官方旗舰店
33.90,倍思 三合一伸缩数据线 苹果安卓type-c一拖三快充 适用iphone13/12/11/XR小米华为车载充电器线1.2米黑,倍思（Baseus）京东自营旗舰店
20.90,毕亚兹 苹果数据线【买一送一】1.2米 12XsMax/XR/11Pro手机快充充电器线USB电源线支持iPhone13/iPad K15,毕亚兹(BIAZE)京东自营旗舰店
77.90,苹果充电器20W厡装快充PD套装苹果iPhone13/11/12ProMax手机充电头数据线IMEV 苹果20W快充头+苹果USB-C闪充线-盒装1米,IMEV京东自营旗舰店
34.90,ESCASE type-c数据线3m米加长三米充电器线华为Mate 30 Pro荣耀V30小米平板快充iphone 11 pro抗干扰Ci9白,ESCASE京东自营旗舰店
25.90,"京东超市
魅英 适用于华为手表充电器 Watch GT2充电底座gt2e磁吸智能快充荣耀magic2充电线GS GT/GT2/荣耀Magic充电座磁吸快充+5A线",魅英手机配件旗舰店
16.00,适用OPPOReno4数据线闪充reno4 pro充电线reno4se手机65W快充ACE2超琰 1米65W闪充,隆迈手机配件专营店
44.00,"京东超市
OPPO原装数据线兼容65W闪充Ace2/Reno5/R17/find K7通用type-c充电线 Type-c闪充线（65W闪充）-【晒单返5】",星悦世纪数码专营店
19.90,ROCK 苹果数据线 金属编织快充手机充电器线 支持iPhone13/12/11Pro/新SE/XS/XR/8P/7/6s/5s/iPad 1米 星空灰,ROCK自营旗舰店
129.00,图即 一拖三数据线66W超级快充6A多功能3合一手机充电线器三头适用苹果安卓type-c闪充车载 两条装【黑色1.2米】升级66W快充,图即旗舰店
29.90,绿联安卓Type-C数据线二合一快充MicroUSB充电线适用荣耀20华为P30小米89三星一加 深空灰 1米,绿联旗舰店
12.90,ESCASE Type-c数据线快充华为Mate30Pro 小米手机充电线2A适用充电器线三星S10/9充电源线C10白,ESCASE京东自营旗舰店
9.90,Type-C数据线5A超级快充充电线适用华为P40/Mate40/30Pro荣耀手机宽口好又齐 Typec超级快充1米,好又齐手机配件专营店
26.00,OPPO数据线原装闪充r15 r9 r9s r11 r11s r9plus手机充电线支持VOOC闪充 4A闪充线（Micro USB接口）,星悦世纪数码专营店
19.90,品胜 苹果数据线手机充电线PD快充iPhone13/12promax6s11/7/8xr/ipad 升级版快充｜【1米标准版】ios全兼容 安全快充,品胜数码旗舰店
168.00,OLOEY数据线三合一快充充电器一拖三车载万能5A超级快充手机多头多功能适用苹果华为type-c安卓 5A快充三合一（绅士蓝2米）+80W超级快充车载充,OLOEY数码配件旗舰店
35.00,绿联Type-C数据线6A/5A快充线充电器通用华为P50Mate40Pro/30小米11安卓手机 黑色 2米 畅玩款,绿联旗舰店
129.00,"京东超市
APPLE 苹果数据线原装pd快充20w充电器线手机充电线iPhone13promax/12/X 苹果12/pro/max/11/xr/8p （单线）type-c转闪电连接线1米",京迈数码配件专营店
38.90,京东京造 MFi认证苹果数据线快充充电线 通用iPhone13/12/11/ Xs/Xs max/Xr/X/8/7P/iPad air mini 1.2米白,京东京造官方自营旗舰店
44.00,"京东超市
OPPO原装数据线65W闪充typeC充电线r17reno7 6 5 4pro findx3x2k9 【65W闪充】OPPO原装Type-C",星悦世纪手机配件专营店
15.80,罗马仕 苹果数据线充电线2米加长手机快充充电器iPhone12/11Pro/se/Xs/XR/6s/7/8p/ipad air/mini电源线 2米,罗马仕京东自营旗舰店
22.90,唯淘帅 安卓数据线快充电线加长3米5米适用vivo三星小米华为魅族Micro接口手机 黑色 2米,苏阳数码专营店
239.00,"京东超市
AENZR雷电4数据线双头公对公type-c全功能8K视频100W充电线手机快充华为苹果mac笔记本 【雷雳4四同轴线40Gbps传输雷电3三】2m加长 编织线 联想雷电接口电",AENZR官方旗舰店
9.80,例米 适用于小米手环5\/6通用磁吸充电线运动手环5\/6NFC充电线小米六nfc充电器五代MI 黑色 深黑 默认1,例米手机配件旗舰店
12.80,品胜（PISEN）Type-C数据线 USB-C安卓手机充电线 适用华为mate30Pro荣耀OPPO /vivo小米10Pro车载线 1米白,品胜京东自营旗舰店
39.00,vivo原装type-c数据线NEX X27X30闪充X50X60快充充电线iQOOneo vivo原装type-c 3A,vivo华驰诚专卖店
25.80,网虫；NETBUG磁吸数据线苹果安卓type-c三合一快充华为/oppo/vivo/iPhone X 【幻影黑】苹果/安卓/Type-C 【一线三接头】 线长2米,科族数码专营店
35.90,【全国仓次日达】第一卫 苹果数据线 手机快充线车载ipad充电线通用于iphone11/12/7/8 店长推荐：1.2米【真金线】全新升级-认证快充,第一卫旗舰店
49.00,甜橙 手游快充线吃鸡神器弯头充电器线数据线适用苹果手机安卓华为直播抖音主播王者荣耀比赛不挡手 手游快充【Type-c口】适用于安卓,甜橙手配专营店
12.90,昊微 数据线三合一手机快充多功能一拖三充电线多头适用于苹果安卓type-c小米9华为荣耀20多用加长 幸运红 1米,昊微手机配件专营店
11.90,酷蛙 Type-c数据线5A充电线快充华为小米手机电源线荣耀8/9/vivo/oppo/一加闪充USB充电器Mate20/P30/P10车载,酷蛙（QOOWA）手机配件京东自营旗舰店
69.00,绿联 MFi认证 苹果PD20W快充数据线通用iPhone13/12/SE/11/XR/8P手机USB-C/Type-C to Lightning充电器闪充线,绿联京东自营旗舰店
46.00,三星（SAMSUNG）原装手机数据线 三星S10+/NOTE9/S8plus手机充电线 三星A60/A90Type-C接口 1米 白色,三星原装配件京东自营旗舰店
39.90,✅【限买一送一丨自营原装正品✅】苹果数据线快充【原充盒装】,索弘京东自营官方旗舰店
75.00,绿联 Type-C全功能数据线双头PD100W快充5A充电线4K投屏视频线通用苹果MacBook华为荣耀笔记本电脑小米1m,绿联京东自营旗舰店
36.00,第一卫 Type-C数据线6A超级快充66W充电线通用华为mate40Pro/P50P40荣耀小米 1.2米【66W超级快充】25分钟充满,第一卫旗舰店
20.90,"京东超市
倍思 苹果数据线加长充电器线适用iPhone11/X/XSmax/XR/8plus/12快充 苹果-1.8米-红色【充电快充用不坏】 1m以上",倍思旗舰店
75.50,"京东超市
苹果充电器20W快充线PD套装苹果iPhone11 12ProMax 13充电头数据线插头维肯 20W快充头+闪充线【30分钟充满50%】快充套装 苹果快充",维肯数码旗舰店
12.90,宝达莱 适用OPPO闪充数据线安卓R11s plus手机R15 x快充r9s加长充电线a59s充电器 通用a57 a73 a5 r9 a7x四芯加粗1米,宝达莱数码专营店
39.90,锋奥苹果数据线快充手机充电线器套装iPad线适用于iPhone11/Xs/X/8/6S/8p/7P 苹果USB1米【共发2条】,锋奥官方旗舰店
19.90,倍思Type-c数据线5A快充2条装 支持40W华为p40/mate30pro/小米/三星手机充电器 【Type-c】1.5米两条装 白色,品畅手机配件专营店
19.90,HuaWorth适用华为type-c数据线6A充电器线手机mate30/40Pro荣耀快充线 【66W超级快充】6A闪充【1米】,楠沐配件专营店
28.90,Snowkids MFi认证 苹果数据线 iphone13/12/11Pro/XsMax/XR/X/SE2/9/8/7充电线USB电源线6s/7Plus/ipad,Snowkids京东自营旗舰店
39.90,苹果充电器原裝数据线充电线手机快充插头套装iphonexs 11 7p 8plus 12/X索弘 【苹果标配5w1米套装】多一条快充【原行装】,索弘官方旗舰店
19.90,"京东超市
Type-C数据线6A超级快充66W充电线适用华为P50 P40荣耀60vivo oppo HKXA 6A闪充线66W【1米】",速美信手机配件专营店
77.90,苹果充电器20W厡装快充PD套装苹果iPhone13/11/12ProMax手机充电头数据线IMEV 苹果20W快充头+苹果USB-C闪充线-盒装1米,IMEV京东自营旗舰店
19.90,爱美声 数据线 苹果手机充电线适用iphone5/5s/6/6s/7plus/8/8PUSB充电器线 质银灰1.5米【买一送一】,爱美声数码旗舰店
13.90,斯泰克 苹果PD20W快充数据线Type-C to Lightning充电器线闪充适用于iPhone13/12/11Pro/XsMax/8P,斯泰克（STIGER）京东自营旗舰店
59.00,Anker安克 MFi认证苹果快充数据线USB-A iPhone13/12/11ProMax/XR/SE/8通用手机充电器线ipad平板 0.9m白,Anker京东自营旗舰店
37.90,"京东超市
华为原装5A数据线type-c充电器线快充P40P50P30Mate30荣耀30/pro/nova7 SuperCharge【5A闪充线】白色",嘎子数码专营店
12.90,联想来酷Type-C数据线 5A超级快充手机充电线 安卓USB-C充电器小米8/9/华为P40/Mate10/20 1米LKC0105W,联想来酷京东自营旗舰店
98.00,OLOEY四合一数据线快充一拖四手机多头多用充电器usb冲电线头适用4个安卓四个苹果type-c车载 套装【2个type-c+苹果+安卓】 +车载充,OLOEY数码配件旗舰店
39.90,适用华为充电器40W超级快充头数据线套装手机nova7/6 p30mate30/20pro荣耀豪闪原 【40W套装】40W超级快充头+5A快充线【1米】,豪启资手机配件专营店
27.80,jce适用于opporeno5数据线a92s手机k5闪充r17充电线k7快充reno7充电器线pro 【一条装当日/次日达】type-c闪充数据充电线 加长2米,jce手机配件旗舰店
16.90,小米USB-C数据线普通版100cm 适配安卓小米10pro红米10X redmi手机快速充电线 小米USB-C 100cm 白色,淘米家旗舰店
13.90,德力普 数据线三合一 苹果type-c安卓手机充电器线多功能一拖三车载平板闪充13/12/华为快充线 蒂芙尼蓝【苹果+安卓+type-c】带夜灯丨单条 1m,德力普数码旗舰店
35.00,华为OTG转接头USB手机转接数据线U盘连接转换器p40 30 mate30 20pro荣耀安卓通用 简装 OTG（type-c接口）CP73,华为进多配件专卖店
price,introduction,icon
14.80,联想来酷 5V/1A充电器通用苹果手表iPhone13/12Pro/11/SE2/华为安卓手机电源适配器USB充电头LKD1001W,来酷智生活数码京东自营旗舰店
15.90,苹果数据线PD20W快充适用iPhone12/13/11ProMax/xs/XR8手机充电器线好又齐 【苹果】20W PD快充-1米,安联手机配件专营店
9.90,驰界 三合一数据线快充一拖三苹果iphone华为Type-c/安卓小米oppo/vivo手机充电器线 【编织纹-蓝色】一拖三,佰特利手机配件专营店
9.90,华为Type-c数据线快充5A手机充电器线适用华为/荣耀/小米/红米/oppo/vivo超级快充胜粒 【华为适用】Type-C 5A快充线1米,奥瑞诚手机配件专营店
24.90,品胜 苹果数据线1.5米 适用iPhone12/11Pro/Xs Max/XR/X/8/SE加长充电线 通用苹果136/7 iPad mini,品胜京东自营旗舰店
29.00,"线下同款
摩斯维 type-c数据线5a超级快充华为p40p30小米12手机充电线头电源线安卓三星充电器线短 1.2米黑色【40w·5a闪充】充电+传输2合1 注：此款为typec接口，不",摩斯维旗舰店
23.80,【次日达加长可选】小米Type-c闪充专用充电线手机数据线,jce手机配件旗舰店
39.00,"京东超市
华为原装笔记本电脑充电线5A双头Type-C数据线公对公PD快充手机平板matebook通用65W 华为5A 双头Type-C【1米】",秦唐宋数码专营店
19.00,"京东超市
【次日达】捷部一加warp闪充充电线快充数据线9R9pro9T 8Pro 8 7t 6 6t 5 闪充线-1米",捷部（JIEBU）旗舰店
19.00,OPPO快充充电器k1 A5 A7 A9 A79 r15x适用于小米VIVO华为安卓充电头数据线 盒装,OPPO乐良数码专卖店
31.90,OKSJ 数据线三合一超级快充5A一拖三车载多功能40W充电器线苹果华为/小米/安卓二合一多用加长线 5A超级快充【苹果/安卓/Type-c】2米一拖三,OKSJ手机配件旗舰店
19.90,羽展 伸缩三合一充电线2A快充线通用苹果Type-C安卓手机iphone华为vivo小米oppo 【经典版伸缩2A快充】中国红,羽展手机配件旗舰店
128.00,OLOEY 数据线一拖三快充华为苹果安卓66W手机通用三合一车载充电器6A三头弹簧充电线mate40 【套装】6A弹簧快充线（黑色）+66w超级快充头 弹簧【一拖三】2米6A快充,OLOEY数码配件旗舰店
39.00,"京东超市
华为原装数据线5A超级快充双头Type-c笔记本电脑MateBookX/E/proD14/15充电线 华为Type-C转Type-C 5A快充线【1米】",华为翼天宏配件专卖店
19.90,绿联Type-C数据线6A/5A快充线66W快充电器通用华为P50Mate40Pro/30nova8荣耀50pro小米11USB-C安卓车载1m,绿联京东自营旗舰店
19.90,罗马仕苹果数据线快充手机usb充电器线游戏电源适用iPhone12/11/8P/Xs/iPad 2.4A苹果快充-1米 一条送一条,罗马仕数码配件旗舰店
25.00,摩斯维 一拖三数据线充电器线苹果安卓type-c小米华为荣耀oppo三星vivo三合一车载充电线 蓝色 Type-c+苹果+Micro全兼容丨线长1.5m,摩斯维旗舰店
35.90,绿联双头Type-C数据线PD100W快充线5A充电器适用iPadPro苹果Macbook华为matebook笔记本电脑USBC小米1.5m,绿联京东自营旗舰店
37.90,OKSJ 数据线三合一拖三充电器线苹果车载多功能type-c华为手机5A快充 小米/安卓/iPhone11/6 40w加长2米,OKSJ京东自营旗舰店
19.00,小米 原装USB-C数据线 普通版 适配小米10/10pro红米10X redmi手机 白色 官方标配,京东之家官方旗舰店
48.00,"京东超市
【vivo官方原装】iQOO数据线55W闪充neo快充充电线iQOO3 iqoopro iQOO胶囊闪充",酷虎数码专营店
39.00,"京东超市
倍思Type-C数据线数显66W超级快充华为充电线6A通用华为Mate40Pro/P50 数显快充type-c 66W 【1米/黑色】",倍思旗舰店
33.90,京东京造 Type-c数据线快充5A充电线3条量贩装 通用小米华为Mate30/20/10Pro/P40/30荣耀充电器线1.2米,京东京造官方自营旗舰店
69.00,图即 两条装 华为66W超级快充type-c数据线6A快充线手机充电器线华为p30mate40pro 1.5米【66W超级快充线】两条装,图即旗舰店
32.00,【苹果专用】超耐用牛仔线⚡快充高颜值⚡久用不坏质保2年,monqiqi旗舰店
13.80,苹果数据线快充适用iphone13/12/11Pro/XsMax/XR/78plus手机充电器线驰界 [苹果/平板通用] 1.5米,安联手机配件专营店
8.90,驰界适用小米数据线快充10pro/8/9se/6x/mix2s红米note7/8/k20pro充电线 【1米】Type-C 5A快充线,佰特利手机配件专营店
27.00,公牛 BULL 安卓/TYPE-C 5A快充数据线/USB-C/1.5M/适用华为/小米/vivo/OPPO,公牛数码京东自营旗舰店
9.90,驰界 Type-c数据线5A华为充电器线小米手机40w闪充荣耀9/10/Mate20/P30/P40 抹茶绿【1.2米/2条】5A Type-c快充线,佰特利手机配件专营店
39.00,vivo数据线原装S6Y50X27快充x30x50x60闪充s5S7nex手机充电器线iqoo充电线 （2A）原装双引擎闪充线【Type-C】,情景旗舰店
99.00,图即 数据线三合一充电线器弹簧伸缩一拖三快充三头适用于苹果华为安卓type-c手机多功能车载多头多用 【黑色 可拉伸2米】支持华为超级快充,图即旗舰店
69.00,"京东超市
TIDSE 苹果快充数据线PD20W充电器iPhone13\12Type-CtoLightning 苹果USB-C【1米PD20w闪充线】",TIDSE京东自营旗舰店
28.00,倍思（Baseus）苹果数据线弯头快充L型苹果充电线USB线适用于iPhoneX/10/8/6s/7Plus 2米 黑色,倍思（Baseus）京东自营旗舰店
36.00,绿联Type-C数据线5a6a华为66W超级快充弯头充电线通用华为p40/Mate40/30小米 深空灰-2米,绿联旗舰店
49.00,"京东超市
原裝苹果手机数据线PD快充头充电线适用iPhone12/11ProMax/xs/XR/8充电线维肯 【官方同款·20W快充PD线】安全认证-1米 苹果专属PD快充",维肯数码旗舰店
42.80,品胜 数据线三合一苹果Type-c安卓充电线伸缩便携一拖三快充线适用iPhone13/12/11华为 【快充不伤机丨弹窗包赔】1.2米 梦幻蓝,品胜数码旗舰店
69.00,图即 苹果数据线iPhone12手机13充电线器ipad苹果xr弯头ip游戏7p加长x快充超长闪充 【黑色1.8米】90度弯头不断线,图即旗舰店
16.80,摩米士MOMAXType-C安卓二合一数据线 炫彩编织手机快速充电线适用于华为荣耀小米三星等 1米深空灰,摩米士京东自营旗舰店
29.90,乐赢 三合一数据线手机充电线器一拖三数据线苹果华为安卓type-c手机3头多头车载多功能 液态款绿色1.2米【苹果+安卓+type-c】,乐赢旗舰店
19.90,羽展 伸缩三合一充电线2A快充线通用苹果Type-C安卓手机iphone华为vivo小米oppo 【经典版伸缩2A快充】中国红,羽展手机配件旗舰店
39.00,"京东超市
倍思Type-C数据线数显66W超级快充华为充电线6A通用华为Mate40Pro/P50 数显快充type-c 66W 【1米/黑色】",倍思旗舰店
8.90,驰界适用小米数据线快充10pro/8/9se/6x/mix2s红米note7/8/k20pro充电线 【1米】Type-C 5A快充线,佰特利手机配件专营店
89.00,OLOEY 新款5A快充一拖三流光数据线适用华为TYPE-C手机充电线器 5A快充【三合一】触控开关七彩 2米【主线1.75米+分线0.25米】流光线,OLOEY数码配件旗舰店
29.90,"京东超市
驰界苹果数据线适用iphone13/12pro/11/Xs Max/XR/8plus快充充电器线 【1米】苹果快充",驰界京东自营旗舰店
25.00,绿联 双头Type-C数据线PD60W快充线ctoc公对公充电器电源线通用苹果MacBook华为荣耀笔记本电脑Switch1米,绿联京东自营旗舰店
10.90,品胜（PISEN）苹果4s数据线 0.8米 苹果iphone4/ipad1/2/3/touch4手机充电器线,品胜京东自营旗舰店
28.90,京东京造 Type-C数据线双Type-C 5A快充 USB-C充电器线公对公适用MacBook笔记本快充充电线 1.2米白,京东京造官方自营旗舰店
66.00,"京东超市
绿联苹果20W PD快充数据线MFi认证手机Type-C通用iPhone13/12/11 Type-C转Lightning1.5米",绿联旗舰店
18.80,德力普 苹果数据线PD20W快充iPhone13/12ProMax/11/Xs/8P手机平板充电线器 标准版【1.2米】,德力普手机配件旗舰店
25.00,倍思 充电宝数据线苹果20W手机充电器线PD短款便携快充 适用于苹果iPhone13/12/11/8/XSipad 0.25米白色,倍思（Baseus）京东自营旗舰店
23.80,适用于iqoo充电线44w加长vivo z5 z1 x iqooneo3数据线s9手机充电器线jce 【次日达】type-c超快闪充1米,jce手机配件旗舰店
14.80,DIZA适用华为5A数据线Type-c手机充电线P30p40proMate30小米8/9荣耀20快充 【5A超级快充】type-c闪充线【1.2米】,品色手机配件专营店
79.00,Anker安克|航海王海贼王联名 路飞版苹果PD快充数据线MFi认证iPhone13/12/11/XR/8等闪充充电器线1.2m,Anker京东自营旗舰店
34.80,苹果充电器20W快充线PD套装适用苹果iphone13 12ProMax 11手机充电头x数据线驰界 20W苹果PD快充头+苹果PD闪充线,安联手机配件专营店
19.90,炫创飞数据线三合一适用于苹果安卓type-c华为手机通用充电线器充电宝便携USB短线 土豪金（0.25米）,爱美声旗舰店
12.90,适用华为6A数据线Type-c超级快充线66W充电器P40Mate40Pro荣耀50小米手机驰界 【6A超级闪充】Type-C充电线-1米,佰特利手机配件专营店
9.90,ZMI紫米Type-C数据线3A适用于华为荣耀nova小米8/9/10手机Redmi快充红米Note9 Pro/k30充电线AL701白,ZMI京东自营官方旗舰店
9.90,承简适用苹果数据线手机充电器线iphone12/11Pro/Xs Max/XR/SE/8plus 苹果lightning【1米 】,金合辉手机配件专营店
17.50,mijv适用于闪充OPPO数据线r17 k3 k5 Findx充电线a11x reno2手机K7快充 闪充1.5米加长款【1条装】,mijv旗舰店
19.90,松下（Panasonic）Type-C数据线5A手机快充数据线适用华为p20p40pro mate30 40三星S10/S8plus小米安卓充电线,松下（Panasonic）数码配件京东自营旗舰店
price,introduction,icon
89.00,米纶斯 一拖三充电线器6A超级快充三合一数据线苹果华为安卓手机多头闪充vivo小米oppo三用 加长2米一拖三6A超级快充【苹果安卓typeC】,米纶斯旗舰店
59.00,JoJar苹果数据线手机快充头充电器线USB电源线iPhone13/12/11 pro/XS/MAX/6s/7/8/plus/XR/Xipad平板适用,乔嘉（JoJar）京东自营旗舰店
108.90,FREEPORT苹果数据线快充抗折断编织数据线适用苹果iphone12Pro Max//11P/Xs 苹果PD18W快充编织线【1米】,FREEPORT旗舰店
8.80,梦音适用iphonex手机数据线苹果6 6sPlus7充电线pd快充ipad闪充冲Xs8p车载ios 苹果针织【快充不弹窗】红色1米 两年换新,梦音数码旗舰店
55.90,uni友壹 MFi认证苹果数据线PD快充通用iPhone13/12/11/SE3/iPad手机充电线 苹果MFi认证-PD快充-TPE亲肤 1.8米,uni旗舰店
29.00,"京东超市
摩斯维 苹果数据线充电线手机快充充电器电源线适用iPhone13/12/11/x/xr/ipad平板 1.2米-黑色【涓流快充·不伤机】充电+传输2合1 适用苹果6s/78p/xs/13promax等",摩斯维旗舰店
129.00,图即 一拖三数据线66W超级快充6A多功能3合一手机充电线器三头适用苹果安卓type-c闪充车载 两条装【黑色1.2米】升级66W快充,图即旗舰店
129.00,"京东超市
Apple苹果原装PD快充线iphone13/12ProMax/11/xs数据线PD20w头充电器线 苹果快充线1米【单线】 适用苹果13/12/11",Apple鑫京湖专卖店
23.80,巴蒂尼 一拖三流光数据线type-c安卓苹果三合一跑马灯七彩充电线车载快充oppo华为小米通用闪充线 一拖三【1.2米七彩】智能断电 快充流光,巴蒂尼旗舰店
14.80,ZMI紫米二合一Type-C数据线安卓快充充电线适用于Redmi红米k30/Note9 Pro小米9/10至尊版AL501,ZMI京东自营官方旗舰店
49.00,品胜 数据线三合一66W快充充电线器苹果13安卓Type-C手机快充线多功能线一拖三车载平板通用 66W快充|三口同充不伤机|弹窗包赔 1米深海蓝,品胜数码旗舰店
69.00,绿联 MFi认证苹果数据线PD快充通用iPhone13/12/SE/11手机Type-C充电器充电线 PD快充线【Type-C转Lightning】,绿联旗舰店
14.80,联想来酷 5V/1A充电器通用苹果手表iPhone13/12Pro/11/SE2/华为安卓手机电源适配器USB充电头LKD1001W,来酷智生活数码京东自营旗舰店
23.80,轩邑 小米数据线Type-C 6A充电线支持120W/67W超级快充适用12/11pro/10/MIX4/红米k50/k40/note9/11/平板电脑,轩邑京东自营旗舰店
29.90,绿联 Type-C数据线6A快充充电器线通用华为P50Mate40Pro/30荣耀60pro小米手机 【Type-C 6A畅玩款-1.5米黑】,绿联旗舰店
28.00,AJTL 苹果Iphone11pro max手机充电线转接头PD数据线Type-C转USB口 白色1米【支持PD快充】30分钟充50%,AJTL手机配件旗舰店
22.00,公牛（BULL）安卓数据线 USB抗折断快充数据线 适用三星小米华为/安卓手机 GNV-J5C10S 白色安卓 1米,公牛官方旗舰店
32.00,倍思 磁吸数据线Type-C 5A快充充电线 磁铁强磁USB充电器线 适用华为/小米/oppo红米魅族 1米 灰黑,倍思（Baseus）京东自营旗舰店
23.80,【次日达加长可选】小米Type-c闪充专用充电线手机数据线,jce手机配件旗舰店
29.00,倍思 苹果数据线PD快充20W充电器线Type-c转Lightning 适用iPhone13/12pro/11proXSMax/XR 0.25米 黑,倍思（Baseus）京东自营旗舰店
9.90,驯龙师 适用华为彩线充电线5A超级快充Type-C数据线P20mate荣耀v10p9p40p30器 扁圆Type-c【一条樱花粉】 1,驯龙师旗舰店
7.90,驯龙师 type-c数据线5A超级快充适用小米1s三星 华为p20p30p40手机快充tpc加长 5A 扁圆双面接口快充（1条装） 1米,驯龙师旗舰店
39.00,"京东超市
荣耀数据线原装充电线5A快充荣耀20/v20/30/V30/Pro/30s/x10/9X手机通用华为 荣耀5A（1m）",荣耀博望专卖店
5.90,驯龙师 闪充快充Type-c华为Mate20/P20/P30Pro荣耀10/V20手机5A手机数据线 超级快充Type-c【 1米】,驯龙师旗舰店
128.00,OLOEY 数据线一拖三6A快充三合一车载充电器三头弹簧华为苹果安卓66W手机通用充电线 【套装】6A弹簧快充线(黑色)+40W快充车充头 弹簧【一拖三】2米6A快充,OLOEY数码配件旗舰店
39.90,绿联 苹果数据线快充线通用iPhone13/12/11/SE2/Xs/XR手机iPad平板充电器线 MFi认证Lightning充电线 白色1米,绿联旗舰店
16.00,OPPO充电线数据线原装a59s a57 a83 k1 a7x r15x a5安卓快充电器 2A快充 2A快充(品牌原装),OPPO酷炫专卖店
23.80,适用于vivox27数据线快充iqoo x60 s9闪充z5手机x50长x30充电线器pro jce 【一条装当日/次日达】type-c闪充数据充电线 1米,jce手机配件旗舰店
26.00,"京东超市
OPPOa11x数据线快充原装充电器r17充电线k5 a72 a92s a52 reno快充安卓 USB Type-C普通版",OPPO酷炫专卖店
49.00,倍思 Type-C数据线 5A快充带功率数显 适用于苹果华为小米手机笔记本充电线 1米黑,倍思（Baseus）京东自营旗舰店
29.80,品胜 数据线三合一苹果安卓Type-c手机快充电线器多功能一拖三多头适用iPhone华为小米平板车载 【三口同充不伤机】弹窗包赔 1米深海蓝,品胜数码旗舰店
19.90,胜为 双type-c数据线PD快充100W60W快充充电器 适用于华为苹果小米手机笔记本充电线 【2米】5A超级快充 USB转Type-C 胜为,胜为线缆官方旗舰店
13.00,公牛防折断数据线tpyec充电线pd超级快充5a安卓iPhone闪充tpc华为 白色0.8米【2.4A快充-安卓】,公牛数码旗舰店
20.80,倍思 苹果数据线手机充电器线适用iphone12/11/XR/7plus/6s/8/ipad快充线 【2条装】1.5米 白色,倍思旗舰店
38.90,ZMI紫米MFi认证苹果数据线适用于iPhone13/12/8/8P/XS/11/11Pro/SE2手机6六7七ipad mini平板充电线AL813C白,ZMI京东自营官方旗舰店
9.90,ROCK 苹果数据线金属编织快充手机充电器线 支持iPhone12/11Pro/新SE/XS/XR/8Plus/7/6s/5s/iPad 0.2米星空灰,ROCK自营旗舰店
198.00,优享仕苹果12数据线三合一充电线器拖三伸缩手机快充适用华为安卓多功能万能通用多头闪充头二车载冲WT. 红色,优享仕数码专营店
44.00,"京东超市
【OPPO原装】R17闪充数据线65w充电线reno7 6 5 Pro k9 7 3手机快充电器 Type-c闪充线【兼容65W闪充】【晒单返5】",OPPO酷炫专卖店
19.90,品胜苹果数据线充电线适用iphoneX/11/12/6s/7/8/plus/iPad/PD充电器 新版快充苹果1米,品色手机配件专营店
45.00,华为原装5A数据线超级快充type-c充电器线P30P40Mate30 40pro荣耀30nova7 5A快充1米TypeC接口AP71 官方标配,京东之家官方旗舰店
44.00,"京东超市
华为原装5A数据线type-c手机充电线快充P40P20P30Mate30荣耀30pro/nova7 【5A闪充线】白色SuperCharge",品色手机配件专营店
14.90,vivo官方原装数据线X21X23X20X9X7z1u3x快充头vivoy67y85双引擎闪充充电线 Micro USB【白色1米】,钰威数码专营店
37.90,OKSJ 数据线三合一拖三充电器线苹果车载多功能type-c华为手机5A快充 小米/安卓/iPhone11/6 40w加长2米,OKSJ京东自营旗舰店
16.90,绿联 双头Type-C数据线 USB-C公对公3A PD60W快充线充电器线转接头通用iPadPro 双Type-C-黑色 0.5米,绿联维联特专卖店
11.80,塔菲克 弯头type-c数据线5A快充适用新款华为小米一加手机快速充电 Type-C【深空灰】充电不挡手|一条装 2m,塔菲克官方旗舰店
89.00,米纶斯 加长一拖三数据线三合一手机充电线器6A超级快充三线多头苹果安卓万能华为三头车载三口 臻黑金1.88米【6A超级快充1小时充满】,米纶斯旗舰店
59.00,Anker安克MFi认证苹果数据线通用手机快充USB充电器线iPhone12/11/SE2/XR手机 白色 0.9米,Anker旗舰店
40.90,摩力小象 type-c 6A 66W快充适用华为p30手机充电线数据线 type-c 6a 2m,摩力小象旗舰店
23.80,适用于vivox27数据线快充iqoo x60 s9闪充z5手机x50长x30充电线器pro jce 【一条装当日/次日达】type-c闪充数据充电线 1米,jce手机配件旗舰店
39.90,"京东超市
苹果数据线充电器线手机快充线USB电源线适用iPhone12/13/11/xr/6s/7/8p机乐堂 苹果1米快充线【全国联保+一年换新】2条装",机乐堂京东自营旗舰店
118.00,"京东超市
【次日达】华为手表充电器原装底座GT丨GT2丨GT2e丨荣耀手表通用闪冲磁吸式充电器底座 华为手表【原装充电器】+华为充电头",梓豪数码专营店
13.00,适用红米k30数据线快充至尊纪念版k30pro小米K30s充电线33W极速闪充10xpro超琰10S 1米快充1条,智客数码专营店
46.80,"京东超市
苹果数据线厡装充电线充电器头手机快充套装iPhoneX 12 11 8 7p 6s 13尊匠 lightning扁口充电器线-1米",尊匠京东自营官方旗舰店
28.00,"京东超市
标森苹果数据线pd快充线USB-C充电线手机iPad适用iphone 13/12/11/X原装 苹果快充【1米-闪充版】",标森旗舰店
33.80,五浩 type-c数据线加长5m快充适用华为安卓vivo小米OPPO荣耀USB手机充电线器套装超长线 5米【黑金】type-c,亦恒手机配件专营店
5.90,纽曼 （Newmine） Type-C数据线 USB-C安卓手机充电器线 1米 适用小米/华为Mate40/荣耀10,纽曼手机配件京东自营旗舰店
16.00,适用iqoo3数据线vivoiqoo5充电线44W闪充55W手机neo3 NEX3S Z1快充超琰 Type-c闪充胶囊线1米,隆迈手机配件专营店
45.00,绿联 苹果数据线快充MFi认证通用iPhone13/12/11/XR/iPad平板手机充电线充电器 苹果MFi认证快充线 1米,绿联旗舰店
49.90,努比亚 MFi认证苹果快充PD20W数据线通用iPhone13/12/11/Promax手机Type-C to Lightning充电线USB-C线 1米白,努比亚京东自营旗舰店
32.00,"京东超市
倍思 100W双头Type-c数据线PD快充适用华为oppo三星小米vivo一加手机5a充电器充电线 【100W大功率+/平板/笔记本通用】2米灰黑",倍思旗舰店
price,introduction,icon
29.80,品胜 数据线三合一苹果安卓Type-c手机快充电线器多功能一拖三多头适用iPhone华为小米平板车载 【三口同充不伤机】弹窗包赔 1米深海蓝,品胜数码旗舰店
5.90,小米数据线 快充小米11 10 9 Note9 k20k30K40pro红米手机充电线千造 小米type-c,千造旗舰店
106.90,FREEPORT三合一数据线5A/6A快充66W/40W支持苹果Type-c安卓手机iPhone12 【苹果/安卓/Type-c】66W快充【1.2米】,FREEPORT旗舰店
29.00,"京东超市
vivo数据线原装S6闪充2A快充线手机Y50 Y9s安卓Type-C充电线Y73S y53s vivo原装Type-c-2A",酷虎数码专营店
10.90,OKSJ 苹果数据线iPad充电器线快充 适用原装iPhone12/11pro/max/xr/xs/8Plus/7p/6/6S/5USB 镀金1.2米,OKSJ京东自营旗舰店
26.00,"京东超市
白狗适用iQOO5充电线Neo5/Pro快充vivox60数据线iqoo7/3/z1/u3闪充855 1米装冲电器线超级闪充 vivo iQOO闪充",白狗官方旗舰店
23.80,【次日达加长可选】小米Type-c闪充专用充电线手机数据线,jce手机配件旗舰店
18.80,倍思 苹果数据线2条套装 支持iphone13mini\/iPad Air\/mini手机充电线 【苹果】2条装 1.5米-白色,品畅手机配件专营店
19.90,倍思 type-c数据线适用华为充电线p40/p20小米8三星一加vivo手机5a快充线充电器线 【2条装】1.5米 白色,倍思旗舰店
18.90,京东京造 Type-C数据线 USB安卓充电线 快充手机转接头 充电器电源线 支持华为P9/P10/P20/Mate10 1.2米黑,京东京造官方自营旗舰店
23.00,适用华为nova5pro充电线nova3超级快充8加长7se手机nova6数据线5快速充电器线jce 【当日/次日达】type-c快充充电线1米,jce手机配件旗舰店
18.80,品胜一拖三数据线三合一66W超级快充多头多功能充电器线套装三头车载平板闪充13/12/华为 三合一线 (1米）【分线20公分】 一年质保,欣普欣官方旗舰店
32.00,【苹果专用】超耐用牛仔线⚡快充高颜值⚡久用不坏质保2年,monqiqi旗舰店
49.00,"京东超市
华为原装6A数据线Type-C手机充电66W超级快充Mate40Pro+RS Nova9荣耀5060 华为原装 6A 超级快充Type-C",秦唐宋数码专营店
9.80,索聚 Type-c数据线华为5A手机充电线P30p40 pro Mate30小米8\/9荣耀20快充 1条装 【1米】Type-C 5A闪充线,索聚旗舰店
18.00,vivo原装数据线闪充充电线X21X23X20X9X7u1安卓快充vivoy67y85 vivo原装闪充,vivo华驰诚专卖店
19.90,科沃 苹果13充电器快充套装PD20w兼容18W手机适用于iphone12/11pro/SE2/Xs/XR/8plus/ipad充电头,科沃（KOVOL）京东自营旗舰店
49.00,"京东超市
倍思 磁吸100W双type-c数据线适用小米vivo一加oppo三星华为手机笔记本PD快充充电器线 磁吸100W【|笔记本通用】1.5米 黑色",倍思旗舰店
198.00,优享仕苹果12数据线三合一充电线器拖三伸缩手机快充适用华为安卓多功能万能通用多头闪充头二车载冲WT. 红色,优享仕数码专营店
16.90,悦米 Type-C数据线双头PD60快充线c to c充电器线iPadPro11/Switch苹果电脑MacBook华为笔记本1米,悦米京东自营旗舰店
29.00,"京东超市
适用华为数据线Mate40/20/P30/Pro/nova9荣耀60/v30/20s白狗超级快充 白色1米Type-C 5A超级快充充电线",白狗京东自营旗舰店
5.90,孜泰 苹果数据线充电线iphone13/12ProMax/11/XS/XR/8/7/6s plus快充充电器线USB电源线 1米 白色,孜泰（ZiTai）京东自营旗舰店
13.90,铭爵狐 Type-c数据线5A级快充适用小米1s三星 华为p20p30p40手机快充tpc加长 5A超级快充Type-c(1米)实发2条,铭爵狐旗舰店
25.90,Snowkids USB-C苹果PD快充数据线iPhone13/12/11Pro/XsMax/SE/8PType-C to Lightning苹果充电器线1米2米套装,Snowkids京东自营旗舰店
99.00,米享 三合一数据线6A超级快充一拖三充电线器手机车载多功能适用苹果安卓华为Typec三头 【单线不带头】1.2米三合一 | 6A超级快充,米享旗舰店
21.80,trendsetter潮范 适用一加数据线warp闪充65W1+8t/9/9r/9rt/9pro手机充电线快充加长1.5米,trendsetter手机配件京东自营旗舰店
26.00,快鲨适用一加8充电线10/7Pro/7t/6/5数据线十九八1+闪充线七六五快充 红色一加10/9R/8/7/6 一加闪充,快鲨官方旗舰店
9.90,OKSJ 安卓数据线快充手机充电套装通用USB充电器 安全快速稳定【快充版-白色1米】2条装,纯孩子官方旗舰店
49.00,"京东超市
苹果数据线充电线器手机快充线适用iPhone13/12/11Pro/Max/XS/7/8P中尚 USB-C闪充连接线（1m）",中德尚信数码专营店
12.90,绿联 Type-C数据线6A充电器快充线电源线通用华为P50Mate40荣耀60小米12红米安卓 【充电宝短线款-0.25米-黑】,绿联旗舰店
85.90,【自营正品 官方原装✅】苹果快充 【30分钟充60%】,索弘京东自营官方旗舰店
16.00,适用iqoo3数据线vivoiqoo5充电线44W闪充55W手机neo3 NEX3S Z1快充超琰 Type-c闪充胶囊线1米,隆迈手机配件专营店
49.00,"京东超市
苹果数据线充电线器手机快充线适用iPhone13/12/11Pro/Max/XS/7/8P中尚 USB-C闪充连接线（1m）",中德尚信数码专营店
9.90,科沃 适用于苹果数据线手机快充充电器线头iphone13/12Pro max/mini/XsMax/XR/SE2/11/8/7/6splusUSB电源线,科沃（KOVOL）京东自营旗舰店
41.00,华为#原装6A数据线原配TypeC接口Mate40Pro闪充66W充电线 支持Nova8Pro兼容5A超级快充,中国电信自营旗舰店
19.90,适用vivo充电器18W/22.5W手机闪充数据线X20X21X23X7X9s z3安卓快充头承简 【双引擎闪充】18W闪充头+1米安卓线【2条】,金合辉手机配件专营店
17.80,倍思 数据线三合一苹果Type-c安卓手机充电器线一拖三头 适用iPhone13/12/11小米华为p40车载电源线 1.2米 红,倍思（Baseus）京东自营旗舰店
29.00,"京东超市
适于小米充电线快充120W数据线Type-C极速闪充快鲨67W冲电器线55W 红米K40/K50/Note11/10Pro 1米极速闪充",快鲨官方旗舰店
39.90,SN适用 一加9 ProWarp闪充充电线65W1+9R数据线OnePlus 8T快充电线 Type-C 转 Type-C 1m,京造手机配件专营店
33.80,苹果数据线厡装充电线快充手机充电器线iphone13/12/11/XS/XR/7/8p/X索弘6 USB-lightning扁口充电器线1米-原盒装,索弘官方旗舰店
10.80,安卓数据线vivo充电线x9x21x23快充线适用华为oppo小米三星魅族红米荣耀车载电源线好又齐 【1米】安卓闪充线【通用安卓接口】,安联手机配件专营店
32.90,绿联 双头Type-C数据线PD快充长线100W接5A充电器线通用iPad苹果MacBookPro华为荣耀笔记本电脑Switch2m,绿联京东自营旗舰店
79.00,米纶斯 三合一数据线6A超级快充充电线器100W一拖三多功能type-c 多头手机适用苹果华为车载器 【100W超级快充】-三合一土豪金1.25米,米纶斯旗舰店
129.00,"线下同款
Apple苹果数据线原装充电线手机充电器线iphone6/XR/X/7p/8plus/ipad/xs 充电线1米【单线不含头】",大商无算数码专营店
45.00,品胜 三合一数据线充电线器一拖三伸缩手机快充多头适用华为苹果安卓type-c多功能闪充 耀石黑丨快充不弹窗,品胜PISEN自营旗舰店
9.90,机会主义适用于oppo闪充数据线充电线r11 r9s plus r15 a79 a9x安卓手机快充线 20W闪充线【1.2米加长款】,家品手机配件专营店
27.00,"京东超市
华为原装数据线type-c快充手机畅享20荣耀play4tpro nova3e P20P10充电线 【Type-C】快充1米",华为翼天宏配件专卖店
12.50,纽曼(Newmine)苹果/Type-c/安卓USB-C一拖三数据线三合一充电线 适用iPhoneX/XS Max/XR/小米华为p30 金色,纽曼手机配件京东自营旗舰店
13.90,德力普 数据线三合一5A快充适用苹果Type-c安卓手机iPhone小米华为平板车载一拖三闪充充电线 单条装【蒂芙尼蓝】5A超级快充|带夜灯 1米,德力普手机配件旗舰店
35.00,倍思 苹果数据线 弹簧伸缩车载手机充电线 便携车充 适用iphone13/12/11/8Plus/7/X/iPad/Air/Pro 1米,倍思（Baseus）京东自营旗舰店
20.00,华为数据线原装快充安卓手机充电器线Mate8P7nova3i畅享9plus荣耀10青春版畅玩8X7C 华为原装【1米安卓Micro接口】快充,秦唐宋数码专营店
8.90,孜泰 苹果数据线三合一充电线Type-c安卓手机快充iphone13/12/11/华为/小米/OPPO/VIVO 1.2米 红色,孜泰（ZiTai）京东自营旗舰店
13.80,华为数据线原装正品快充Mate8荣耀8青春版八9I畅玩7X 7C 6X畅享8 8e 7plus 6s 白色(Micro接口快充版),进多数码专营店
25.00,华为原装Type-C数据线充电器线P30P20P10mate9Nova4e3e荣耀10V20V9V8 【快充】Type-C 1.0米白色,深刻思官方旗舰店
23.80,适用于vivox27数据线快充iqoo x60 s9闪充z5手机x50长x30充电线器pro jce 【一条装当日/次日达】type-c闪充数据充电线 1米,jce手机配件旗舰店
44.00,"京东超市
华为原装5A数据线p40p30p20Mate30超级快充荣耀10V20nova567pro充电线 买I送I【华为原装5A Type-C】带防伪",深刻思官方旗舰店
34.90,绿联Type-C数据线6A/5A快充充电器硅胶车载长线通用华为P50/40/Mate30/20小米11/10安卓USB-C1.5米天空蓝,绿联京东自营旗舰店
27.60,厡装苹果数据线iPhoneX MAX 6 7 8手机11快充线充数据线USB电源线充电线尊匠 lightning接口-1米,联众创数码专营店
17.90,Snowkids Type-C超级快充华为5A数据线华为P30/Mate20/10荣耀V20小米9/8手机充电线安卓1.5米两条,Snowkids京东自营旗舰店
9.90,华为type-c数据线手机充电线p20mate9P10P30荣耀40v10麦芒5nove3e快充帆睿 白1米Type-Ctpc【5A超级快充版】,帆睿数码旗舰店
price,introduction,icon
59.00,米享 苹果数据线加长弯头iPhone充电线器液态硅胶7快充8plus加长11ProMax手机 1.8米【清新蓝】边充边玩丨单条装,米享旗舰店
19.90,倍思(Baseus)苹果数据线手机充电线usb快充线 适用苹果iPhone13/12/X/8/7plus/iPad充电器线短线 0.6M 黑色,倍思（Baseus）京东自营旗舰店
45.00,倍思 磁吸一拖三数据线5A快充充电线 苹果Type-C安卓三合一套装可收纳充电器线适用iPhone华为小米1米 黑,倍思（Baseus）京东自营旗舰店
25.00,倍思 Type-C数据线 6A快充66w华为充电器线 适用于华为mate40/p40/荣耀/小米充电线 0.25米黑,倍思（Baseus）京东自营旗舰店
24.90,倍思 数据线三合一苹果安卓Type-c一拖三充电器充电线适用oppo小米vivo华为iphone 提速款【苹果+安卓+Type-c】1.2M,倍思旗舰店
18.80,ROCK 苹果数据线编织快充手机充电器线 支持iPhone13/12/11Pro/新SE/XS/XR/8Plus/7/6s/5s/iPad 1.8米星空灰,ROCK自营旗舰店
22.00,原奘 适用苹果数据线充电宝短线手机快充iphone11X/Xs Max/XR/6/7/8 plus线 1米快充 ip5/6/7/8 plus/X/ipad系列通用,华创手机配件专营店
49.00,Anker安克 Type-C安卓数据线100W5A快充 华为/小米/荣耀/OPPO/iPad平板笔记本电脑充电线USB-C1.8m黑,Anker京东自营旗舰店
19.00,华为安卓数据线原装手机充电器线mate8荣耀畅玩7x/8x/6x/7C/9i青春版/麦芒6/vivo Micro USB安卓快充线 白色1.0米,华为翼天宏配件专卖店
23.80,适用小米充电线8八10s红米k40数据线k20快充note7九89闪充k30手机pro充电器线jce 【一条装次日达】小米红米Type-c快充 1米【标准】,jce手机配件旗舰店
8.90,Snowkids Type-C超级快充5A数据线 通用华为P30/Mate20/10荣耀V20小米9/8手机充电器线安卓USB-C转接头1米白,Snowkids京东自营旗舰店
13.90,罗马仕 安卓数据线2米手机充电线Micro USB充电器线支持华为小米vivo/oppo红米三星魅族等,罗马仕京东自营旗舰店
35.00,CangHua MFI认证 苹果数据线快充适用iPhone13ProMax/12/11/XR/8/7/6s/iPad平板充电器线车载1.2米线R01,仓华自营官方旗舰店
27.90,品胜数据线三合一充电线器一拖三手机快充三头适用苹果华为安卓type-c多功能车载多头万能多用通用快冲 魔幻黑1.2米【苹果+安卓+type-c】加粗线芯,品胜电源旗舰店
9.90,驰界安卓数据线闪充充电线适用OPPOa1 a83 a57 a59s a5 k1华为vivo小米手机 【1米/2条装】2A安卓快充,佰特利手机配件专营店
5.80,米愿 安卓数据线快充适用于OPPO/华为/小米/vivo/荣耀/红米/魅族/酷派/三星手机通用充电线 【2A普通充电】安卓接口1米 1条体验装,米愿旗舰店
26.80,五浩 安卓数据线快充加长适用三星华为魅族安卓micro USB接口手机车载充电线器通用 黑金/安卓 2米,五浩官方旗舰店
35.90,领臣 数据线三合一6A快充66W充电器苹果iPhone13/12Type-c小米华为安卓手机多功能一拖三充电线1.8米,领臣京东自营旗舰店
69.00,米享 三合一快充数据线5A超级快充三口同时充手机充电器线苹果安卓type-C华为通用一拖三 中国红1.2米【5A快充大电流 三口同时充】,米享旗舰店
25.00,倍思(Baseus)安卓数据线手机快充游戏吃鸡神器正反盲插充电器线适用VIVO/OPPO/小米/华为L型弯头线2米 黑色,倍思（Baseus）京东自营旗舰店
32.00,蒙奇奇苹果数据线充电线手机PD快充头车载ipad充电器线iphone6s7Plus8x11xr12 牛仔蓝1.2米【升级快充版】推荐款耐用牛仔,monqiqi旗舰店
23.00,绿联 Type-C数据线USB-C安卓车载快充转接头充电器加长电源线通用华为P50Mate40/30荣耀60Pro小米113米,绿联京东自营旗舰店
129.00,"京东超市
Apple苹果数据线原装手机充电线1米iPhoneXR/11/X/8P/7P/ipad平板电脑USB 【单条】Lightning接口1米苹果",Apple鑫京湖专卖店
39.90,麦多多 Type-C数据线5A/6A快充66W带屏幕功率数显手机充电器线适用华为vivo小米OPPO Type-C 5/6A超级快充 【科技黑】1.2米,麦多多手机配件旗舰店
85.90,【自营正品 官方原装✅】苹果快充 【30分钟充60%】,索弘京东自营官方旗舰店
18.00,品胜 苹果数据线0.2米短线快充 适用iPhone13/12/11Pro Max/Xs/XR/SE/8手机充电线 苹果7P iPad Air/mini 白,品胜京东自营旗舰店
8.00,AJTL飞科剃须刀方口充电数据线 适用FS375 376 377 378 379 619 620配件 飞科充电线（一条装）,AJTL手机配件旗舰店
16.90,苹果数据线手机快充电线玛曼原裝6/plus iphoneX/7/8/iPad,玛曼旗舰店
29.00,"京东超市
驰界适用华为Type-c数据线快充5A手机充电器线p20p30pro mate30/40荣耀安卓小米 【5A超级快充】type-c闪充线【1米】",驰界京东自营旗舰店
45.90,"京东超市
机乐堂 三合一数据线 苹果安卓type-c多头手机充电线器一拖三usb平板iPhone车载快充通用 经典黑【苹果+安卓+Type-c】快充不伤机不断头",机乐堂京东自营旗舰店
39.90,倍思 三合一数据线6A快充66W 适用苹果Type-c安卓手机充电器线iPhone13/12/11小米华为一拖三充电线黑,倍思（Baseus）京东自营旗舰店
21.90,ROCK苹果数据线快充手机充电器线加长支持iPhone13/12/11Pro/SE/max/XSR/8Plus/7/6s/iPadAir/mini 白色1.5米,ROCK自营旗舰店
55.00,倍思 双头Type-C数据线 5A快充线100w带功率数显 适用于华为小米手机笔记本充电线 2米黑,倍思（Baseus）京东自营旗舰店
45.00,绿联 Type-C数据线 双头PD100W快充电线5A通用苹果电脑ipad/MacbookPro华为 编织款1.5米,绿联旗舰店
19.90,ROCK 苹果数据线金属编织快充手机充电器线 支持iPhone12/11Pro/新SE/XS/XR/8Plus/7/6s/5s/iPad 1.8米玫瑰金,ROCK自营旗舰店
19.90,"京东超市
快狗 苹果4s充电线iPhone4四手机数据线ipad2/3平板iPod老款宽口a1395一代 1416 A1430 A1396白色一米",快狗官方旗舰店
119.00,米享 充电线三合一超级快充数据线5a加长一拖三多功能充电器车载多头苹果Type-c安卓适用 【直充套装】1.2米中国红+超级快充头,米享旗舰店
66.00,绿联 MFi认证 苹果数据线弯头 通用iPhone13/12/11/XR/Xs/SE2/8/7手机iPad平板充电器USB电源线快充 黑1.5米,绿联京东自营旗舰店
45.00,南回归线usb单弯头5A超级快充弹簧伸缩车载carplay数据线适用苹果手机华为type c充电线 USB单弯头【弹簧线】Type C-黑色 1.5米,南回归线旗舰店
29.00,倍思 Type-C数据线 双Type-C适用新ipad pro/MACbook笔记本充电器线PD手机华为小米三星快充3A 2M 灰黑,倍思（Baseus）京东自营旗舰店
1.88,GAGZ 手机数据线充电器多功能充电线插头安卓华为小米三星OPPO魅族VIVO酷派 【通用款】安卓【螺纹白色1米】,搞怪猪GAGZ官方旗舰店
17.90,罗马仕 数据线三合一苹果Type-c安卓手机充电线加长快充一拖三适用iPhone12/11小米/oppo华为vivo 1米,罗马仕京东自营旗舰店
27.80,【次日达加长可选】oppo闪充手机专用数据线,jce手机配件旗舰店
28.80,倍思(Baseus)苹果数据线 手机充电器线USB充电线 适用iPhoneX/苹果13/6/12/7/11/8/ipad加长电源线 3M 红色,倍思（Baseus）京东自营旗舰店
29.90,"京东超市
宝达莱 适用realme真我65w数据线gt充电器Neo 2快充Q2 Q3 X7 X50 Pro Type-C超级Super Vooc 2..0闪充",宝达莱数码专营店
17.80,五浩 安卓充电线加长快充适用micro华为荣耀小米vivo三星OPPO手机USB数据线超长闪充套装 2米【黑金】安卓,亦恒手机配件专营店
9.90,华为原装freelace无线耳机充电线USB转成type-c口 适用于荣耀xSport PRO线 华为原装- 白色（单）,华为进多配件专卖店
28.00,倍思 苹果数据线弯头快充手机游戏L型苹果充电线USB线适用于iPhone13/12/11/X/10/8/6s/7Plus 2米 红色,倍思（Baseus）京东自营旗舰店
17.80,倍思 数据线三合一苹果Type-c安卓手机充电器线一拖三头 适用iPhone13/12/11小米华为p40车载电源线 1.2米 红,倍思（Baseus）京东自营旗舰店
44.00,"京东超市
华为原装5A数据线超级快充type-c充电器线P30P40Mate30 40pro荣耀30nova7 【买I送I】5a超级闪充Type-c-带防伪",华驰诚数码配件专营店
3.98,GAGZ 手机数据线充电器多功能充电线插头安卓华为荣耀小米红米三星OPPO魅族VIVO真我红魔 Type-c【白色5A*1米】,搞怪猪GAGZ官方旗舰店
39.00,倍思 双苹果数据线一拖四快充适用iphone13/12/XS多合一华为type-c小米oppo安卓vivo平板多头充电器线,倍思（Baseus）京东自营旗舰店
14.90,罗马仕 type-c数据线弯头安卓手机充电宝短线快充游戏吃鸡神器充电线华为P30荣耀小米10/9电源线 黑色 0.2米,罗马仕京东自营旗舰店
8.80,mijv充电宝数据线超短安卓type-c 适用于小米vivo华为充电线短款快充oppo便携 5A type-c短线0.25米,mijv旗舰店
14.80,德力普 Type-C数据线6A超级快充66W手机充电器线通用华为荣耀小米手机苹果MacBook笔记本 1米【月白蓝】 Type-C·超柔软亲肤硅胶,德力普手机配件旗舰店
12.90,驰界安卓数据线闪充充电器头加长充电线适用OPPOr9splus/r11s/r15/R17/A79手机 【1米2条】安卓4A闪充线,佰特利手机配件专营店
49.00,KOOLIFE 三合一数据线快充66w 手机快速充电线一拖三分二多头双口USB车载充电器线 通用/安卓/苹果/华为6a/5a,KOOLIFE京东自营旗舰店
26.00,"京东超市
快鲨数据线适用OPPOReno7闪充6/5/4Pro/R17快充A11sA93A8K9k7x充电线 充电器线Type-C白色1米 闪充",快鲨官方旗舰店
12.60,适用Type-c闪充数据线手机充电器OPPOr17reno6Pro findx k9 7快充线好又齐 【1米】Type-c快充线,佰特利手机配件专营店
10.90,昊微 华为数据线快充适用Type-c充电器线Mate40Pro/P30小米8三星荣耀手机带灯自动断电 智能呼吸灯【Type-C接口】1条装 2米,昊微手机配件专营店
price,introduction,icon
9.90,华为type-c数据线手机充电线p20mate9P10P30荣耀40v10麦芒5nove3e快充帆睿 白1米Type-Ctpc【5A超级快充版】,帆睿数码旗舰店
58.00,品胜数据线三合一伸缩充电线6A快充66W 苹果安卓type-c一拖三多功能便携收纳 适用iPhone13华为小米车载,品胜京东自营旗舰店
10.80,昊微 苹果12数据线自动智能断电快充线适用于iphoneX 8 7plus 6s 6手机充电线器加长 智能呼吸灯【苹果接口】1条装 1米,昊微手机配件专营店
29.90,斯泰克 【买一条发两条2米】适用苹果PD20W快充数据线iPhone13/12/11Pro/XsMax Type-C to Lightning充电器线,斯泰克（STIGER）京东自营旗舰店
24.80,ZMI紫米C-TO-C数据线Type-C公对公双口适用于MacBookPro苹果笔记本NS充电线PD快充iPadPro11/Switch等308E黑,ZMI京东自营官方旗舰店
9.90,OKSJ 苹果快充数据线手机充电器电源线适用iPhone6s/12/11Pro/7/8/X/iPad 单条装 1.2米【暗夜绿】平板通用,纯孩子官方旗舰店
17.90,德力普 Type-C数据线6A快充100W/66W手机充电器线通用苹果MacBook华为小米笔记本 6A超级快充66W | 标准版【1.2米】,德力普手机配件旗舰店
8.80,【两条装】品浩 苹果数据线手机快充PD充电器线头iphone12/11/Pro/XR苹果通用电源线 【苹果通用】【两条】1米,品浩旗舰店
8.90,钻盾 一拖三数据线三合一手机充电线快充伸缩通用适用于华为type-c安卓多功能充电线 中国红【经典版伸缩】,钻盾旗舰店
138.00,摩米士MOMAX苹果安卓Type-C数据线三合一MFi认证充电器线适用iPhone13/12/11Pro/XsMax/XR/8/7/6P等1米黑色,摩米士京东自营旗舰店
20.80,斯泰克 USB-C适用苹果PD20W快充数据线iPhone13/12/11Pro/XsMax/8P手机Type-C to Lightning充电器闪充线2米,斯泰克（STIGER）京东自营旗舰店
19.90,後姆熊 [小米手环4(NFC)] 小米手环充电线 小米手环充电器 小米手环4充电器 小米手环4充电线,後姆熊京东自营旗舰店
39.90,倍思 三合一数据线6A快充66W 适用苹果Type-c安卓手机充电器线iPhone13/12/11小米华为一拖三充电线黑,倍思（Baseus）京东自营旗舰店
29.90,"京东超市
品胜 华为充电线6A Type-C数据线超级快充66W快充线通用华为Mate/荣耀/小米/三星 【深海蓝1.2m】66w疾速快充|支持闪充",品胜PISEN自营旗舰店
25.00,JOWOYE苹果数据线4S手机iPhone4充电线ipad4/3/2/1touch充电器线平板电脑电源线Ipod快充USB老款宽头,JOWOYE京东自营旗舰店
29.90,品胜 苹果数据线PD快充线20W Type-C to Lightning充电线 适用iPhone13ProMax/12/Xs/8P/SE车载线 LED灯,品胜京东自营旗舰店
16.80,三合一数据线5A快充一拖三66W支持苹果Type-c安卓手机充电器线适用iPhone13小米华为驰界 蓝色【5A超级快充】三合一,佰特利手机配件专营店
14.90,"线下同款
摩斯维 苹果数据线充电线手机快充电源线充电器iPhone13/12/11/8P/7/ipad/XR 1米【天空蓝】新液态硅胶·快充不伤机 【2A涓流快充】",摩斯维旗舰店
9.90,绿联 Type-C手机数据线3A快充线安卓充电器线适用小米华为三星OPPO一加荣耀p40vivo 黑色圆线【3A】 0.25M,绿联维联特专卖店
49.90,品胜 四合一多功能数据线快充PD60W/20W Type-C转苹果充电线车载 适用iPhone13/12Pro/ipadpro小米华为 黑,品胜京东自营旗舰店
30.00,倍思 苹果数据线 PD快充线20W Type-C to Lightning充电器线 适用iPhone13/12ProMax/11/XsiPad 1.2米黑,倍思（Baseus）京东自营旗舰店
39.90,CangHua Garmin佳明飞耐时充电线手表充电器fenix5 6X 5S 5X 5Plus935 通用945/245 Vivoactive3 bp51,仓华自营官方旗舰店
159.00,【一加原装】warp闪充数据线充电线9 8t 1+7T pro 7 6t 5t Type-C 1米闪充线 官方标配,泊欣数码专营店
30.00,唯淘帅 苹果数据线充电线iPhoneX/6s/7/8/pro12手机平板通用加长2米5米 黑金 2米,苏阳数码专营店
59.00,OKSJ 小米充电器33W氮化镓快充头多口 Type-C线充套装支持10s华为11红米redmivivo三星插头便携6A,OKSJ京东自营旗舰店
18.90,"京东超市
魅英 适用于小米手环5充电线 免拆卸快充适用小米6nfc版磁吸充电器5代智能运动便携充电线 小米5/6磁吸充电线/NFC版通用快充",魅英手机配件旗舰店
35.00,CangHua MFI认证 苹果数据线快充适用iPhone13ProMax/12/11/XR/8/7/6s/iPad平板充电器线车载1.2米线R01,仓华自营官方旗舰店
15.00,快鲨适用小米手环充电线充电器智能手表快充运动计步器NFC通用底座标配腕表带 小米手环5/6/NFC充电线,快鲨官方旗舰店
12.90,朗客 Type-c数据线液态硅胶5A快充USB-C通用荣耀vivo小米oppo华为Mate40Pro/P30安卓充电器线2.0米绿色,朗客京东自营旗舰店
26.00,适用华为mate30数据线type-c充电线5a超级快充p20荣耀v30pro手机充电数据线jce 【次日达】mate40/30/20快充线全系持鸿蒙 1.8米【加长】,jce手机配件旗舰店
14.80,德力普 Type-C数据线6A超级快充66W手机充电器线通用华为荣耀小米手机苹果MacBook笔记本 1米【月白蓝】 Type-C·超柔软亲肤硅胶,德力普手机配件旗舰店
39.90,摩力小象 双头Type-C 3A公对公数据线60W快充 适用华为小米手机充电线 Type-C To Type-C白色(TPE) 1m,摩力小象旗舰店
59.90,"京东超市
SHARGE闪极 MFi认证苹果数据线CtoL快充线PD适用iPhone13\/12\/11\/xs 1.2米 苹果MFi认证-PD快充",SHARGE闪极京东自营旗舰店
39.90,摩力小象 6A 66W快充线 适合于华为充电线 数据线 1m,摩力小象旗舰店
39.90,Tialstp 华为笔记本电脑数据线Matebook X 13 D14 荣耀MagicBook充电线 双typec闪充加长充电器 2m,道和汇通数码专营店
25.90,百仕奇苹果数据线iPhone12/11pro/x/xs/13/xsmax/6/78plus充电线 1.28米直头【幻夜黑】锌合金丨智能灯显丨升级快充,百仕奇旗舰店
19.80,毕亚兹 数据线三合一苹果/Type-c/安卓手机弯头手游充电器线2米 iPhone13/11pro/12小米华为P40电源线K6灰,毕亚兹(BIAZE)京东自营旗舰店
32.00,"京东超市
品胜 苹果数据线手机游戏弯头快充L型苹果充电线USB线适用于iPhone13/12/X/11/8/7 1.2米魔幻黑|弯头快充|安全提速|不发烫",品胜PISEN自营旗舰店
36.90,五浩 数据线三合一快充伸缩充电线器多功能一拖三单拉手机支架适用华为苹果type-c安卓小米车载通用 蓝色【YL多功能-单拉伸缩线】,五浩官方旗舰店
24.90,品胜 Type-C数据线5A快充线安卓手机充电线通用华为nova9/P50Pro/P40/Mate30荣耀小米MIX4三星oppo/vivo 50W,品胜京东自营旗舰店
16.90,品胜（PISEN）type-c数据线短款便携迷你充电宝搭配伴侣超级快充荣耀华为mate20/P20 【5a 编织款】魔幻黑-0.2米,飞行蜂官方旗舰店
29.00,"京东超市
白狗 一加数据线快充充电线一加9/8/7/Pro/6T闪充充电器线warp闪充1+五六七八九适用 红色一加闪充",白狗京东自营旗舰店
17.90,德力普 Type-C数据线6A快充100W/66W手机充电器线通用苹果MacBook华为小米笔记本 6A超级快充66W | 标准版【1.2米】,德力普手机配件旗舰店
69.00,"京东超市
华为笔记本电脑充电线原装matebook/13/14/15/E/X/PRO专用快充线电源 6AType-C转Type-C【1.8米】",传承乐迈数码专营店
29.00,浦诺菲 苹果PD数据线20W快充iPhone13/12/11ProMax手游弯头手机充电线平板电脑Ipad mini6电源线,浦诺菲（pivoFUL）京东自营旗舰店
12.90,驯龙师（dragon master）适用快充安卓苹果数据线iphone12充电线器i/h 【1米/2条】店长特别推荐-苹果线,驯龙师旗舰店
29.00,"京东超市
快鲨适于魅族16 16Plus 16s X 16th Plus m15数据线17 18充电线 原白色1米装Type-C充电线 魅族快充",快鲨官方旗舰店
29.00,"京东超市
宝达莱 三星充电线手机数据线双头type-C接口s21 ultra/s20/+/fe/note20 s10/s22/a90闪充线pd线45W兼容25W",宝达莱数码专营店
30.00,唯淘帅 苹果数据线充电线iPhoneX/6s/7/8/pro12手机平板通用加长2米5米 黑金 2米,苏阳数码专营店
43.00,派凡 数据线三合一充电线一拖三手机快充多头苹果安卓type-c便携收纳短线iphone华为小米车载 商务灰【磁吸盒收纳/便携小巧/支持所有】,派凡数码旗舰店
9.90,朗客 安卓数据线2A快充线液态硅胶 通用华为荣耀vivo小米oppo红米手机充电线Micro USB车载充电器线1.0米绿色,朗客京东自营旗舰店
21.50,帕凡 适用于vivo x9 plus数据线手机双引擎闪充线快充电器 X9Plus/X20plus闪充数据线,特科斯数码专营店
27.90,驯龙师 苹果安卓华为Type-c三合一数据线伸缩便捷iPhone苹果安卓通用 液态软胶三合一1米,驯龙师旗舰店
29.90,桥观5米安卓数据线小米360华为萤石tp link智能摄像头监控电源延长线加长5米 usb充电线 安卓通用,桥观京东自营旗舰店
15.80,OKSJ Type-c数据线5A充电器线华为手机超级快充 小米8/9/10pro/红米10X/Mate40/P30/20荣耀nova8 1.5米2条装,OKSJ京东自营旗舰店
32.00,艾古 华为type-c数据线双弯头超级快充手机充电线手游电源线适用于小米三星vivo荣耀oppo TYPE-C接口1.5米【中国红】,艾古官方旗舰店
29.90,"京东超市
魅戴Garmin佳明飞耐时充电线手表充电器fenix5S 6X 245 Venu 935本能 通用945/245 Vivoactive 3等型号",楚昕数码专营店
19.90,倍思 Type-C数据线快充 适用华为40W闪充手机5A快充线mate20/p30pro/nova4/小米三星通用充电器线 23cm 灰黑,倍思（Baseus）京东自营旗舰店
54.40,摩力小象 C to Lightning数据线 适用于苹果手机数据线快充充电线 Type-C to Lightning红色 2m,摩力小象旗舰店
188.00,贝尔金（BELKIN）USB 4 全功能 Type-C 100wPD快充 数据线 兼容雷电3 USB3 适配 苹果笔记本 平板,贝尔金京东自营旗舰店
price,introduction,icon
18.80,佳线通三合一数据线一拖三充电线适用安卓Type-c华为苹果小米vivo三星oppo红米一加三星 【1.2米】天空蓝【三合一快充】,得陇高清数码专营店
28.80,五浩 type-c数据线加长5m快充适用华为安卓vivo小米OPPO荣耀USB手机充电线器套装超长线 3米【黑金】type-c,亦恒手机配件专营店
4.80,艾胜者 安卓数据线短线快充充电宝电源充电线适用华为荣耀小米红米三星oppo蓝牙耳机超短款 0.25米【短线】1条装,艾胜者旗舰店
44.00,"京东超市
OPPO原装数据线65W闪充r17 reno6pro 5 find x3 x2 ace2充电器线k9 Type-c闪充线【65W闪充】 DL129原厂盒装",泊欣数码专营店
20.40,摩力小象 6A66W快充线 适用于华为mate\\\/P40荣耀V30充电线 数据线 白色 1.5m,摩力小象旗舰店
45.80,"京东超市
品胜 数据线三合一充电线器一拖三伸缩手机快充多头华为苹果安卓type-c多功能充电线支持公司定制 【风趣蓝】一秒收纳易携带五档伸缩升级款",品胜PISEN自营旗舰店
25.00,摩米士Type-C数据线华为5A快充手机充电宝短线0.3米深空灰适用华为Mate30/20p40pro荣耀小米10/9三星等,摩米士京东自营旗舰店
69.00,品胜 数据线三合一快充100W/40W/20W二拖三多功能充电线type-c苹果13 适用iPhone12华为oppo笔记本车载蓝,品胜京东自营旗舰店
30.90,驯龙师 数据线三合一苹果/Type-c/安卓手机收纳便携式硅胶iphone华为p30小米OP充电线 硅胶三合一【1米】,驯龙师旗舰店
8.90,机会主义安卓数据线充电器线手机x9x20x21x23快充线适用于vivo华为oppo小米荣耀红米车载 闪充线-2米加长款,家品手机配件专营店
19.00,OPPO充电器原装 k1/r15x/a5/a7x/a3/a1/a9/a7/a59安卓快充通用充电头线 快充 USB 原厂盒装,OPPO乐良数码专卖店
17.90,桥观【一条装】100WTypec数据线双头tpc充电线100W快充PD笔记本电脑手机平板荣耀华为双Type-C充电线白色1米,桥观京东自营旗舰店
18.00,Bkayp 一加数据线手机快充充电线9/8T/8/7/Pro/6/5/5T/3T1+warp闪充数据线五六七八九Type-C5A充电器,Bkayp京东自营旗舰店
34.90,绿联Type-C硅胶数据线6A快充车载充电器线通用华为P40/Mate30Pro小米11安卓手机 6A闪充线-1.5米-典雅黑,绿联旗舰店
29.90,後姆熊 Garmin佳明飞耐时充电线手表充电器 充电线 数据线 适用于Fenix5/6/945/245通用,後姆熊京东自营旗舰店
21.90,达人志 三合一磁吸数据线5A苹果安卓type-c充电器线磁铁一拖三磁力车载手机快充适用华为小米荣耀 5A快充线【Type-C头】一线一头 通用,达人志数码旗舰店
32.00,倍思 Type-c数据线 PD100W快充线双头5A充电线 适用iPad Pro苹果Macbook华为小米USB-C笔记本 1米蓝,倍思（Baseus）京东自营旗舰店
29.90,"京东超市
品胜 苹果数据线手机游戏弯头快充L型苹果充电线USB线适用于iPhone12/11/X/8/6 魔幻黑1.2m 弯头不卡手|充电不发烫|带呼吸灯",品胜PISEN自营旗舰店
65.00,Anker安克 Type-C数据线100W亲肤快充线5A 适iPadPro/Air/苹果华为电脑/小米/荣耀 USB-C充电线蓝1.8m,Anker京东自营旗舰店
89.00,Anker安克 MFi认证 USB-C苹果PD亲肤快充线iPhone13/12/11pro/8/XR手机Type-C to Lightning充电器线0.9m绿,Anker京东自营旗舰店
19.90,众度Type-c数据线适用华为nova8/9/nova9pro/荣耀50/60pro充电线 支持66W超级闪充 6A1米快充,众度京东自营旗舰店
35.00,品胜 苹果数据线PD20W快充线液态硅胶手机充电线iPhone13/12/ProMax/11/XR 1.2m 天空蓝 | 极速闪充不弹窗,品胜数码旗舰店
48.00,派凡 手机充电线三合一数据线便携三头多头磁吸收纳安卓短线一拖三适用于苹果华为小米多功能 深灰色【升级款-充电不弹窗-安心快充】,派凡旗舰店
24.90,原奘 适用努比亚红魔5G 5S数据线6 pro充电线Z30快充PD闪充双type-c口USB-C线 Type-c转Type-c闪充线 1米,宇然数码专营店
39.00,倍思 磁吸20W苹果数据线适用iphone13/12promax/11/XR/8手机充电器快充PD线 磁吸防尘款【PD快充20W】1米 黑色,倍思旗舰店
15.90,科沃 type-c数据线快充华为小米手机充电器线5A支持40w荣耀9/10/nova8/Mate40Pro/P30/P20/vivo/oppo,科沃（KOVOL）京东自营旗舰店
59.00,倍思 三合一数据线6A快充66W支持苹果Type-c安卓手机充电器线iPhone13/12/11小米oppo华为一拖三充电线 紫,倍思（Baseus）京东自营旗舰店
12.64,ESCASE 数据线三合一苹果充电器线一拖三适用Type-c安卓iPhone11华为Mate30/p40小米快充多功能 C20金色,ESCASE京东自营旗舰店
15.90,中陌（zigmog）5A双typec接口手机充电线100W type-c数据线 快充充电器线 支持小米/华为/荣耀oppo/vivo,中陌（zigmog）京东自营旗舰店
24.00,"京东超市
宝达莱 亚马逊kindle充电线充电器 oasis2数据线paperwhite 3 4电子书阅器 Micro【黑色】",宝达莱数码专营店
12.90,苹果数据线充电器线快充线USB电源线适用iPhone13/12/11/XSMax/XR/7/8p驰界 苹果2米,佰特利手机配件专营店
19.00,小米Type-C数据线适用于华为荣耀nova小米8\/9\/10手机Redmi快充红米Note9 1米 白色,芸铭官方旗舰店
29.00,"京东超市
白狗 黑鲨4数据线120W极速闪充4s/4Pro充电线3Pro/3s快充67W小米游戏线配保护套 1米120W黑鲨4/4s/4Pro/3/3s",白狗官方旗舰店
26.90,AORO 联想拯救者电竞手机PRO数据线PD快充55W充电线努比亚红魔闪充插头双TYPE-C线 联想拯救者双TYPE-C线,奥兰尼数码专营店
89.00,摩米士MOMAX苹果数据线充电线MFi认证快充线适用iphone13/12/11Pro/XsMax/XR/SE2/8/7/6PiPad等2米灰色,摩米士京东自营旗舰店
39.00,绿联苹果PD20W快充线MFi认证数据线搭配充电宝短线通用iPhone13/12/XR手机充电器线 皓雪白 充电宝搭配款 0.25米,绿联旗舰店
35.00,"京东超市
ROCK Type-C快充数据线66W弯头手游线华为/vivo/oppo/小米通用RGB呼吸灯充电线 1m",ROCK官方自营旗舰店
15.90,罗马仕 type-c数据线华为充电器线5A手机快充充电线适用P40/Mate30小米荣耀三星电源线 5A快充线-白-0.2米,罗马仕数码配件旗舰店
23.90,罗马仕 Type-c数据线6A/5A快充线66W华为超级快充40W P40/Mate40Pro/荣耀/小米vivo充电器线安卓加长3米,罗马仕京东自营旗舰店
20.90,觅铂(Milpro)小天才儿童电话手表充电器充电线底座数据线Z6/Y01A/Y03/Y05/Z2/Z3/Q1a/Z5 Z1S/Z2Y/Z5Q/Z6通用,觅铂（Milpro）京东自营旗舰店
22.90,"京东超市
宝达莱 索尼MP3数据线a55充电线zx300a充电器sony mp4播放器walkman a35 A37 A46【USB加固磁环版-1.5米】黑色",宝达莱数码专营店
42.80,品胜 三合一数据线充电线器一拖三伸缩手机快充多头适用华为苹果小米安卓type-c多功能闪充通用 耀石黑【快充不伤机丨弹窗包赔】,品胜数码旗舰店
129.00,"京东超市
Apple苹果数据线PD快充线原装20w充电器线iphone13/12ProMax/11/xs充电线 苹果快充线1米",Apple鑫京湖专卖店
23.80,品胜严选 苹果数据线PD快充线20W适用iPhone13/12/11/X/SE2/XS/8p手机充电器线,品胜严选京东自营旗舰店
29.00,炫创飞 伸缩数据线三合一type-c适用苹果vivo华为小米安卓手机通用多功能一拖三充电器快速线 红色伸缩一拖三1.5米苹果+安卓 +Type-c,爱美声旗舰店
79.00,米纶斯 三合一数据线一拖三6A充电线器华为超级快充多功能安卓苹果type-c多头万能苹果12车充 6A超级闪充-三合一提速99%土豪金【1.25米】,米纶斯旗舰店
46.00,倍思 三合一数据线6A快充66W支持苹果Type-c安卓手机充电器线iPhone12/11小米oppo华为一拖三充电线黑,倍思（Baseus）京东自营旗舰店
19.80,适用华为荣耀30s数据线play5t十x20 se x30荣耀50充电线加长5a快充手机数据线jce 适用华为type-c快充线 1米,jce手机配件旗舰店
9.90,适用苹果手机数据线快充加长充电器线iphone12/11/Xs/se/XR/8plus/7充电线驰界 苹果快充-1米,佰特利手机配件专营店
129.00,"线下同款
Apple苹果原装数据线充电线手机充电器线iphone11/12/XR/X/8P/ipad平板 闪电转USB电源线Lightning原装1米",京迈数码配件专营店
3.90,GAGZ typec数据线弯头安卓手机充电宝短线快充游戏吃鸡神器充电线华为P40荣耀小米10电源线9 Typec快充5A【白色*0.3米】充电宝用,搞怪猪GAGZ官方旗舰店
18.90,唯淘帅 type-c数据线快充加长3米5米适用于华为p9p10乐视三星s8小米6手机充电线 1.2米/黑金【type-c】,苏阳数码专营店
34.90,ZMI紫米Type-C数据线快充适用于华为Redmi红米k30/NOTE9小米9/10至尊版手机光环编织线充电器线拉车线AL786黑,ZMI京东自营官方旗舰店
36.90,Gopala MFi认证苹果数据线快充通用iPhone13/12/SE/11/X/8/iPad平板 1米灰色苹果MFi认证充电线,Gopala旗舰店
45.00,"京东超市
vivo原装5A数据线iQOO3超快55w闪充iqoo5快充线X60Pro+ vivo原装Type-C-5A",iQOO华驰诚专卖店
15.90,顾胜 type-c数据线 5A充电线安卓华为mate30荣耀三星oppo/vivo小米三星快充电器线 type-c【5A快充线】两件装,顾胜旗舰店
39.90,摩力小象 双头Type-C公对数据线60W快充 适用华为小米手机充电线 Type-C To Type-C黑色（TPE) 1m,摩力小象旗舰店
88.00,"京东超市
品胜 数据线三合一充电线器6A一拖三伸缩手机快充多头充电器三合一华为苹果安卓type-c闪充超级快充 风趣蓝丨6A快充不弹窗丨单向拉伸更易收纳",品胜PISEN自营旗舰店
39.00,南回归线66w超级快充5A一拖二合一弹簧车载伸缩数据线适用苹果iPhone13华为type c充电线 安卓+Type C【黑金】弹簧线 1.8米,南回归线旗舰店
45.90,"京东超市
uni友壹 MFi认证苹果数据线iPhone13/12/11/SE3/X/ipad手机USB快充充电 【MFi认证】编织线-0.9米",uni旗舰店
